Process 0 (that is, the initial process):
{1}new privCA: privkey;
{2}let pubCA: pubkey = pk(privCA) in
{3}out(io, pubCA);
{4}new privCSP: privkey;
{5}let pubCSP: pubkey = pk(privCSP) in
{6}out(io, pubCSP);
{7}new privRVP: privkey;
{8}let pubRVP: pubkey = pk(privRVP) in
{9}out(io, pubRVP);
{10}in(io, idOption: branch_option);
(
    {11}!
    {12}let privCA_1: privkey = privCA in
    {13}new privAK: privkey;
    {14}let pubAK: pubkey = pk(privAK) in
    {15}out(io, pubAK);
    {16}new UEID: identity;
    {17}out(io, UEID);
    {18}if (idOption = OptionA) then
    (
        {19}!
        {20}new launchConfig: config;
        {21}let trustedConf: bitstring = (launchConfig,TrustedNonExportable) in
        {22}let dev_statusRef: measurements = build_measurement(base_os,trustedConf) in
        {23}out(io, dev_statusRef);
        {24}let untrustConf: bitstring = (launchConfig,ExternalOrUntrusted) in
        {25}let other_TenantsRef: measurements = build_measurement(base_os,untrustConf) in
        {26}out(io, other_TenantsRef);
        {27}new privKAK: privkey;
        {28}let pubKAK: pubkey = pk(privKAK) in
        {29}out(io, pubKAK);
        {30}!
        {31}new privTSK: privkey;
        {32}let pubTSK: pubkey = pk(privTSK) in
        {33}let ID_S: identity = dev2id(dev_statusRef) in
        {34}out(io, (ID_S,pubTSK));
        {35}event ProvisionedTargetEnv(ID_S,pubAK,pubTSK,dev_statusRef);
        {36}insert agent_keys(UEID,dev_statusRef,privTSK,pubTSK,privAK,pubAK,privKAK,pubKAK)
    )
    else
        {37}if (idOption = OptionB) then
        {38}!
        {39}new ID_S_1: identity;
        {40}out(io, ID_S_1);
        {41}new launchConfig_1: config;
        {42}let trustedConf_1: bitstring = (launchConfig_1,TrustedNonExportable) in
        {43}let dev_statusRef_1: measurements = build_measurement(base_os,trustedConf_1) in
        {44}out(io, dev_statusRef_1);
        {45}let untrustConf_1: bitstring = (launchConfig_1,ExternalOrUntrusted) in
        {46}let other_TenantsRef_1: measurements = build_measurement(base_os,untrustConf_1) in
        {47}out(io, other_TenantsRef_1);
        {48}new privKAK_1: privkey;
        {49}let pubKAK_1: pubkey = pk(privKAK_1) in
        {50}out(io, pubKAK_1);
        {51}!
        {52}new privTSK_1: privkey;
        {53}let pubTSK_1: pubkey = pk(privTSK_1) in
        {54}out(io, pubTSK_1);
        {55}event ProvisionedTargetEnv(ID_S_1,pubAK,pubTSK_1,dev_statusRef_1);
        {56}insert agent_keys(UEID,dev_statusRef_1,privTSK_1,pubTSK_1,privAK,pubAK,privKAK_1,pubKAK_1);
        {57}let ID_S_2: identity = ID_S_1 in
        {58}let CA_sig: bitstring = sign(privCA_1,(ID_S_2,pubTSK_1)) in
        {59}let server_cert: bitstring = ((ID_S_2,pubTSK_1),CA_sig) in
        {60}event CSRSigned(ID_S_2,pubTSK_1);
        {61}out(io, server_cert)
) | (
    {62}!
    {63}let privCSP_1: privkey = privCSP in
    {70}get agent_keys(UEID_1: identity,ignored_v: measurements,ignored_v_1: privkey,ignored_v_2: pubkey,privAK_1: privkey,pubAK_1: pubkey,ignored_v_3: privkey,ignored_v_4: pubkey) in
    {64}let UEID_2: identity = NULL_ID in
    {65}let triple: bitstring = AttestKeyTriple(UEID_2,pubAK_1) in
    {66}let csp_sig: bitstring = sign(privCSP_1,triple) in
    {67}let endorsements: bitstring = (triple,csp_sig) in
    {68}event EndorsementsIssued(UEID_2,pubAK_1);
    {69}out(io, endorsements)
) | (
    {71}!
    {72}let privRVP_1: privkey = privRVP in
    {91}get agent_keys(ignored_v_5: identity,dev_statusRef_2: measurements,privTSK_2: privkey,pubTSK_2: pubkey,ignored_v_6: privkey,pubAK_2: pubkey,ignored_v_7: privkey,ignored_v_8: pubkey) in
    {73}let workloadAttr: attribute = TrustedNonExportable in
    {74}if (idOption = OptionA) then
    (
        {75}let ID_S_3: identity = dev2id(dev_statusRef_2) in
        {76}let triple_1: bitstring = RefValTriple(ID_S_3,dev_statusRef_2,workloadAttr) in
        {77}let rvp_sig: bitstring = sign(privRVP_1,triple_1) in
        {78}let manifest: bitstring = (triple_1,rvp_sig) in
        {79}event IdentityManifestIssued(ID_S_3,dev_statusRef_2);
        {80}out(io, manifest)
    )
    else
        {81}if (idOption = OptionB) then
        {82}in(io, server_cert_1: bitstring);
        {83}let (id_pub_pair: bitstring,sig1: bitstring) = server_cert_1 in
        {84}let (ID_S_4: identity,=pubTSK_2) = id_pub_pair in
        {85}if (verify(pubCA,id_pub_pair,sig1) = true) then
        {86}let triple_2: bitstring = RefValTriple(ID_S_4,dev_statusRef_2,workloadAttr) in
        {87}let rvp_sig_1: bitstring = sign(privRVP_1,triple_2) in
        {88}let manifest_1: bitstring = (triple_2,rvp_sig_1) in
        {89}event IdentityManifestIssued(ID_S_4,dev_statusRef_2);
        {90}out(io, manifest_1)
) | (
    {92}!
    {93}new ID_C: identity;
    {94}if (idOption = OptionA) then
    (
        {95}!
        {96}in(io, TargetWorkload: measurements);
        {97}let ID_S_5: identity = dev2id(TargetWorkload) in
        {98}!
        {99}let ID_C_1: identity = ID_C in
        {100}in(io, (TargetHost: identity,ioffer: params));
        {101}let nego(=aTLS,MLKEM_13_C(ka: kem_alg,eee: kem_pub),hash_algo: hash_alg,ev_type: ev_typ) = ioffer in
        {102}new dk: kem_priv;
        {103}let ek: kem_pub = kem_pk(dk) in
        {104}let (dk_1: kem_priv,ek_1: kem_pub) = (dk,ek) in
        {105}let offer: params = nego(aTLS,MLKEM_13_C(ka,ek_1),hash_algo,ev_type) in
        {106}new cr: random;
        {107}let ch: msg = CH(cr,offer,TargetHost) in
        {108}let psk: preSharedKey = NoPSK in
        {109}let salt: bitstring = zero in
        {110}let ikm: bitstring = catch-fail(psk2b(psk)) in
        {111}let v: bool = not-caught-fail(ikm) in
        {112}let es: bitstring = catch-fail((if v then hmac(StrongHash,salt,ikm) else fail-any_type)) in
        {113}let v_1: bool = not-caught-fail(es) in
        {114}let l: label = (if v_1 then tls13_resumption_psk_binder_key else caught-fail) in
        {115}let m: bitstring = (if v_1 then zero else caught-fail) in
        {116}let c: bitstring = (if v_1 then catch-fail(hash(StrongHash,m)) else caught-fail) in
        {117}let v_2: bool = not-caught-fail(c) in
        {118}let kb: bitstring = (if v_1 then catch-fail((if v_2 then hmac(StrongHash,es,(l,c)) else fail-any_type)) else caught-fail) in
        {119}let v_3: bool = not-caught-fail(kb) in
        {120}let l_1: label = (if v_3 then tls13_client_early_traffic_secret else caught-fail) in
        {121}let c_1: bitstring = (if v_3 then catch-fail(hash(StrongHash,ch)) else caught-fail) in
        {122}let v_4: bool = not-caught-fail(c_1) in
        {123}let atsc0: bitstring = (if v_3 then catch-fail((if v_4 then hmac(StrongHash,es,(l_1,c_1)) else fail-any_type)) else caught-fail) in
        {124}let v_5: bool = not-caught-fail(atsc0) in
        {125}let l_2: label = (if v_5 then tls13_key else caught-fail) in
        {126}let c_2: bitstring = (if v_5 then zero else caught-fail) in
        {127}let kc0: bitstring = (if v_5 then catch-fail(hmac(StrongHash,atsc0,(l_2,c_2))) else caught-fail) in
        {128}let v_6: bool = not-caught-fail(kc0) in
        {129}let l_3: label = (if v_6 then tls13_early_exporter_master_secret else caught-fail) in
        {130}let c_3: bitstring = (if v_6 then catch-fail(hash(StrongHash,ch)) else caught-fail) in
        {131}let v_7: bool = not-caught-fail(c_3) in
        {132}let ems0: bitstring = (if v_6 then catch-fail((if v_7 then hmac(StrongHash,es,(l_3,c_3)) else fail-any_type)) else caught-fail) in
        {133}let v_8: bool = not-caught-fail(ems0) in
        {134}let (es_1: bitstring,kb_1: mac_key,kc0_1: ae_key,ems0_1: bitstring) = (if v_1 then (if v_3 then (if v_5 then (if v_6 then (if v_8 then (es,kb,b2ae(kc0),ems0) else fail-any_type) else fail-any_type) else fail-any_type) else fail-any_type) else fail-any_type) in
        {135}event ClientOffersHash(cr,hash_algo);
        {136}event ClientOffersKEX(cr,MLKEM_13_C(ka,ek_1));
        {137}event ClientOffersEvType(cr,ev_type);
        {138}out(io, ch);
        {139}in(io, SH(sr: random,mode: params));
        {140}let nego(=aTLS,MLKEM_13_S(=ka,ciph: kem_ct),shash_algo: hash_alg,sev_type: ev_typ) = mode in
        {141}event ClientAcceptsKEM(cr,ka);
        {142}event ClientAcceptsHash(cr,shash_algo);
        {143}let log_SH: bitstring = (ch,SH(sr,mode)) in
        {144}let kem_ss: bitstring = kem_decap(ka,dk_1,ciph) in
        {145}let l_4: label = tls13_derived in
        {146}let m_1: bitstring = zero in
        {147}let c_4: bitstring = catch-fail(hash(StrongHash,m_1)) in
        {148}let v_9: bool = not-caught-fail(c_4) in
        {149}let salt1: bitstring = catch-fail((if v_9 then hmac(StrongHash,es_1,(l_4,c_4)) else fail-any_type)) in
        {150}let v_10: bool = not-caught-fail(salt1) in
        {151}let hs: bitstring = (if v_10 then catch-fail(hmac(StrongHash,salt1,kem_ss)) else caught-fail) in
        {152}let v_11: bool = not-caught-fail(hs) in
        {153}let l_5: label = (if v_11 then tls13_client_handshake_traffic_secret else caught-fail) in
        {154}let c_5: bitstring = (if v_11 then catch-fail(hash(StrongHash,log_SH)) else caught-fail) in
        {155}let v_12: bool = not-caught-fail(c_5) in
        {156}let htsc: bitstring = (if v_11 then catch-fail((if v_12 then hmac(StrongHash,hs,(l_5,c_5)) else fail-any_type)) else caught-fail) in
        {157}let v_13: bool = not-caught-fail(htsc) in
        {158}let l_6: label = (if v_13 then tls13_server_handshake_traffic_secret else caught-fail) in
        {159}let c_6: bitstring = (if v_13 then catch-fail(hash(StrongHash,log_SH)) else caught-fail) in
        {160}let v_14: bool = not-caught-fail(c_6) in
        {161}let htss: bitstring = (if v_13 then catch-fail((if v_14 then hmac(StrongHash,hs,(l_6,c_6)) else fail-any_type)) else caught-fail) in
        {162}let v_15: bool = not-caught-fail(htss) in
        {163}let l_7: label = (if v_15 then tls13_key else caught-fail) in
        {164}let c_7: bitstring = (if v_15 then zero else caught-fail) in
        {165}let kch: bitstring = (if v_15 then catch-fail(hmac(StrongHash,htsc,(l_7,c_7))) else caught-fail) in
        {166}let v_16: bool = not-caught-fail(kch) in
        {167}let l_8: label = (if v_16 then tls13_key else caught-fail) in
        {168}let c_8: bitstring = (if v_16 then zero else caught-fail) in
        {169}let ksh: bitstring = (if v_16 then catch-fail(hmac(StrongHash,htss,(l_8,c_8))) else caught-fail) in
        {170}let v_17: bool = not-caught-fail(ksh) in
        {171}let l_9: label = (if v_17 then tls13_finished else caught-fail) in
        {172}let c_9: bitstring = (if v_17 then zero else caught-fail) in
        {173}let kcm: bitstring = (if v_17 then catch-fail(hmac(StrongHash,htsc,(l_9,c_9))) else caught-fail) in
        {174}let v_18: bool = not-caught-fail(kcm) in
        {175}let l_10: label = (if v_18 then tls13_finished else caught-fail) in
        {176}let c_10: bitstring = (if v_18 then zero else caught-fail) in
        {177}let ksm: bitstring = (if v_18 then catch-fail(hmac(StrongHash,htss,(l_10,c_10))) else caught-fail) in
        {178}let v_19: bool = not-caught-fail(ksm) in
        {179}let (hs_1: bitstring,kch_1: ae_key,ksh_1: ae_key,kcm_1: mac_key,ksm_1: mac_key) = (if v_10 then (if v_11 then (if v_13 then (if v_15 then (if v_16 then (if v_17 then (if v_18 then (if v_19 then (hs,b2ae(kch),b2ae(ksh),kcm,ksm) else fail-any_type) else fail-any_type) else fail-any_type) else fail-any_type) else fail-any_type) else fail-any_type) else fail-any_type) else fail-any_type) in
        {180}in(io, CRT(server_cert_2: bitstring));
        {181}let (id_pub_pair_1: bitstring,sig1_1: bitstring) = server_cert_2 in
        {182}let (cert_subject: identity,pubTSK_3: pubkey) = id_pub_pair_1 in
        {183}let log_CRT: bitstring = (log_SH,CRT(server_cert_2)) in
        {184}in(io, CV(sg: bitstring));
        {185}if (verify(pubTSK_3,hash(shash_algo,log_CRT),sg) = true) then
        {186}let log_CV: bitstring = (log_CRT,CV(sg)) in
        {187}in(io, FIN(m1: bitstring));
        {188}if (m1 = hmac(StrongHash,ksm_1,log_CV)) then
        {189}let log_SFIN: bitstring = (log_CV,FIN(m1)) in
        {190}let l_11: label = tls13_derived in
        {191}let m_2: bitstring = zero in
        {192}let c_11: bitstring = catch-fail(hash(StrongHash,m_2)) in
        {193}let v_20: bool = not-caught-fail(c_11) in
        {194}let salt2: bitstring = catch-fail((if v_20 then hmac(StrongHash,hs_1,(l_11,c_11)) else fail-any_type)) in
        {195}let v_21: bool = not-caught-fail(salt2) in
        {196}let ikm_1: bitstring = (if v_21 then zero else caught-fail) in
        {197}let ms: bitstring = (if v_21 then catch-fail(hmac(StrongHash,salt2,ikm_1)) else caught-fail) in
        {198}let v_22: bool = not-caught-fail(ms) in
        {199}let l_12: label = (if v_22 then tls13_client_application_traffic_secret else caught-fail) in
        {200}let c_12: bitstring = (if v_22 then catch-fail(hash(StrongHash,log_SFIN)) else caught-fail) in
        {201}let v_23: bool = not-caught-fail(c_12) in
        {202}let atsc: bitstring = (if v_22 then catch-fail((if v_23 then hmac(StrongHash,ms,(l_12,c_12)) else fail-any_type)) else caught-fail) in
        {203}let v_24: bool = not-caught-fail(atsc) in
        {204}let l_13: label = (if v_24 then tls13_server_application_traffic_secret else caught-fail) in
        {205}let c_13: bitstring = (if v_24 then catch-fail(hash(StrongHash,log_SFIN)) else caught-fail) in
        {206}let v_25: bool = not-caught-fail(c_13) in
        {207}let atss: bitstring = (if v_24 then catch-fail((if v_25 then hmac(StrongHash,ms,(l_13,c_13)) else fail-any_type)) else caught-fail) in
        {208}let v_26: bool = not-caught-fail(atss) in
        {209}let l_14: label = (if v_26 then tls13_key else caught-fail) in
        {210}let c_14: bitstring = (if v_26 then zero else caught-fail) in
        {211}let kc: bitstring = (if v_26 then catch-fail(hmac(StrongHash,atsc,(l_14,c_14))) else caught-fail) in
        {212}let v_27: bool = not-caught-fail(kc) in
        {213}let l_15: label = (if v_27 then tls13_key else caught-fail) in
        {214}let c_15: bitstring = (if v_27 then zero else caught-fail) in
        {215}let ks: bitstring = (if v_27 then catch-fail(hmac(StrongHash,atss,(l_15,c_15))) else caught-fail) in
        {216}let v_28: bool = not-caught-fail(ks) in
        {217}let l_16: label = (if v_28 then tls13_exporter_master_secret else caught-fail) in
        {218}let c_16: bitstring = (if v_28 then catch-fail(hash(StrongHash,log_SFIN)) else caught-fail) in
        {219}let v_29: bool = not-caught-fail(c_16) in
        {220}let ems: bitstring = (if v_28 then catch-fail((if v_29 then hmac(StrongHash,ms,(l_16,c_16)) else fail-any_type)) else caught-fail) in
        {221}let v_30: bool = not-caught-fail(ems) in
        {222}let (ms_1: bitstring,kc_1: ae_key,ks_1: ae_key,ems_1: bitstring) = (if v_21 then (if v_22 then (if v_24 then (if v_26 then (if v_27 then (if v_28 then (if v_30 then (ms,b2ae(kc),b2ae(ks),ems) else fail-any_type) else fail-any_type) else fail-any_type) else fail-any_type) else fail-any_type) else fail-any_type) else fail-any_type) in
        {223}let m2: bitstring = hmac(StrongHash,kcm_1,log_SFIN) in
        {224}let log_CFIN: bitstring = (log_SFIN,FIN(m2)) in
        {225}let l_17: label = tls13_resumption_master_secret in
        {226}let c_17: bitstring = catch-fail(hash(StrongHash,log_CFIN)) in
        {227}let v_31: bool = not-caught-fail(c_17) in
        {228}let rms: bitstring = (if v_31 then hmac(StrongHash,ms_1,(l_17,c_17)) else fail-any_type) in
        {229}event ClientFin1WayAgr(ID_S_5,pubTSK_3,psk,offer,mode,kc_1,ks_1,ems_1,rms);
        {230}event ClientFinRecentAgr(ID_S_5,ID_C_1,pubTSK_3,psk,offer,mode,kc_1,ks_1,ems_1,rms,cr,sr);
        {231}event ClientFinished(pubTSK_3,psk,cr,sr,offer,mode,kc_1,ks_1,ems_1,rms);
        {232}out(io, FIN(m2));
        {233}let cr_1: random = cr in
        {234}new req_ctx: bitstring;
        {235}let req_msg: msg = AuthenticatorRequest(req_ctx) in
        {236}out(io, AuthFrame(ALTA_magic,auth_request,req_msg));
        {237}in(io, ea_frame: bitstring);
        {238}let AuthFrame(=ALTA_magic,=authenticator,ea_bundle: msg) = ea_frame in
        {239}let AuthenticatorResponse(CRT(ea_cert: bitstring),CV(ea_sg: bitstring),FIN(ea_mac: bitstring)) = ea_bundle in
        {240}let (cmw: bitstring,=server_cert_2) = ea_cert in
        {241}let (id_pub_pair_2: bitstring,sig1_2: bitstring) = server_cert_2 in
        {242}let (cert_subject_1: identity,=pubTSK_3) = id_pub_pair_2 in
        {243}let req_ctx_1: bitstring = req_ctx in
        {244}let l_18: label = expat_attestation in
        {245}let m_3: bitstring = zero in
        {246}let c_18: bitstring = catch-fail(hash(StrongHash,m_3)) in
        {247}let v_32: bool = not-caught-fail(c_18) in
        {248}let s: bitstring = catch-fail((if v_32 then hmac(StrongHash,ems_1,(l_18,c_18)) else fail-any_type)) in
        {249}let v_33: bool = not-caught-fail(s) in
        {250}let l_19: label = (if v_33 then exporter_label else caught-fail) in
        {251}let c_19: bitstring = (if v_33 then catch-fail(hash(StrongHash,req_ctx_1)) else caught-fail) in
        {252}let v_34: bool = not-caught-fail(c_19) in
        {253}let exported_val: bitstring = (if v_33 then (if v_34 then hmac(StrongHash,s,(l_19,c_19)) else fail-any_type) else fail-any_type) in
        {254}let sessionNonce: bitstring = hash(StrongHash,(exported_val,pubTSK_3)) in
        {255}let log_SH_1: bitstring = Nil in
        {256}let log_CRT_1: bitstring = Nil in
        {257}let hs_2: bitstring = Nil in
        {258}let ksm_2: mac_key = Nil in
        {259}let kcm_2: mac_key = Nil in
        {260}let req_ctx_2: bitstring = req_ctx in
        {261}let (pat: bitstring,kat: bitstring) = cmw in
        {262}in(io, (manifest_2: bitstring,endorsements_1: bitstring));
        {263}let (comid_csp: bitstring,sig_csp: bitstring) = endorsements_1 in
        {264}if (verify(pubCSP,comid_csp,sig_csp) = true) then
        {265}let AttestKeyTriple(=NULL_ID,pubAK_3: pubkey) = comid_csp in
        {266}event ClientIdentityOption(idOption);
        {267}in(io, timingOption: attestation_option);
        {268}if (idOption = OptionA) then
        (
            {269}let dev_status: measurements = id2dev(ID_S_5) in
            {270}let (comid_rvp: bitstring,sig_rvp: bitstring) = manifest_2 in
            {271}if (verify(pubRVP,comid_rvp,sig_rvp) = true) then
            {272}let RefValTriple(workloadID: identity,dev_statusRef_3: measurements,workloadAttr_1: attribute) = comid_rvp in
            {273}let (pat_claims: bitstring,ae_sig: bitstring) = pat in
            {274}let eat_pat_profile(pubKAK_2: pubkey,evidenceAttr: attribute,=dev_statusRef_3,eat_nonce: bitstring) = pat_claims in
            {275}let cdata: bitstring = (StrongHash,pat_claims) in
            {276}if (verify(pubAK_3,(dev_statusRef_3,cdata),ae_sig) = true) then
            {277}let (kat_claims: bitstring,kat_sig: bitstring) = kat in
            {278}let eat_kat_profile(=pubTSK_3,=evidenceAttr,=eat_nonce) = kat_claims in
            {279}if (verify(pubKAK_2,kat_claims,kat_sig) = true) then
            {280}if (ID_S_5 = workloadID) then
            {281}if (ID_S_5 = dev2id(dev_statusRef_3)) then
            {282}if (dev_status = dev_statusRef_3) then
            {283}if (evidenceAttr = workloadAttr_1) then
            {284}if (eat_nonce = sessionNonce) then
            {285}event ClientAcceptsProvenance(cr_1,sr,evidenceAttr,pubKAK_2);
            {286}if (timingOption = Intra) then
            (
                {287}event AttestationTimingWindow(timingOption);
                {288}in(io, CV(sg_1: bitstring));
                {289}if (verify(pubTSK_3,hash(shash_algo,log_CRT_1),sg_1) = true) then
                {290}event Accepted(cmw);
                {291}event Appraised(log_SH_1);
                {292}event AcceptedRdata(dev_status);
                {293}let log_CV_1: bitstring = (log_CRT_1,CV(sg_1)) in
                {294}in(io, FIN(m1_1: bitstring));
                {295}if (m1_1 = hmac(StrongHash,ksm_2,log_CV_1)) then
                {296}let log_SFIN_1: bitstring = (log_CV_1,FIN(m1_1)) in
                {297}let l_20: label = tls13_derived in
                {298}let m_4: bitstring = zero in
                {299}let c_20: bitstring = catch-fail(hash(StrongHash,m_4)) in
                {300}let v_35: bool = not-caught-fail(c_20) in
                {301}let salt2_1: bitstring = catch-fail((if v_35 then hmac(StrongHash,hs_2,(l_20,c_20)) else fail-any_type)) in
                {302}let v_36: bool = not-caught-fail(salt2_1) in
                {303}let ikm_2: bitstring = (if v_36 then zero else caught-fail) in
                {304}let ms_2: bitstring = (if v_36 then catch-fail(hmac(StrongHash,salt2_1,ikm_2)) else caught-fail) in
                {305}let v_37: bool = not-caught-fail(ms_2) in
                {306}let l_21: label = (if v_37 then tls13_client_application_traffic_secret else caught-fail) in
                {307}let c_21: bitstring = (if v_37 then catch-fail(hash(StrongHash,log_SFIN_1)) else caught-fail) in
                {308}let v_38: bool = not-caught-fail(c_21) in
                {309}let atsc_1: bitstring = (if v_37 then catch-fail((if v_38 then hmac(StrongHash,ms_2,(l_21,c_21)) else fail-any_type)) else caught-fail) in
                {310}let v_39: bool = not-caught-fail(atsc_1) in
                {311}let l_22: label = (if v_39 then tls13_server_application_traffic_secret else caught-fail) in
                {312}let c_22: bitstring = (if v_39 then catch-fail(hash(StrongHash,log_SFIN_1)) else caught-fail) in
                {313}let v_40: bool = not-caught-fail(c_22) in
                {314}let atss_1: bitstring = (if v_39 then catch-fail((if v_40 then hmac(StrongHash,ms_2,(l_22,c_22)) else fail-any_type)) else caught-fail) in
                {315}let v_41: bool = not-caught-fail(atss_1) in
                {316}let l_23: label = (if v_41 then tls13_key else caught-fail) in
                {317}let c_23: bitstring = (if v_41 then zero else caught-fail) in
                {318}let kc_2: bitstring = (if v_41 then catch-fail(hmac(StrongHash,atsc_1,(l_23,c_23))) else caught-fail) in
                {319}let v_42: bool = not-caught-fail(kc_2) in
                {320}let l_24: label = (if v_42 then tls13_key else caught-fail) in
                {321}let c_24: bitstring = (if v_42 then zero else caught-fail) in
                {322}let ks_2: bitstring = (if v_42 then catch-fail(hmac(StrongHash,atss_1,(l_24,c_24))) else caught-fail) in
                {323}let v_43: bool = not-caught-fail(ks_2) in
                {324}let l_25: label = (if v_43 then tls13_exporter_master_secret else caught-fail) in
                {325}let c_25: bitstring = (if v_43 then catch-fail(hash(StrongHash,log_SFIN_1)) else caught-fail) in
                {326}let v_44: bool = not-caught-fail(c_25) in
                {327}let ems_2: bitstring = (if v_43 then catch-fail((if v_44 then hmac(StrongHash,ms_2,(l_25,c_25)) else fail-any_type)) else caught-fail) in
                {328}let v_45: bool = not-caught-fail(ems_2) in
                {329}let (ms_3: bitstring,kc_3: ae_key,ks_3: ae_key,ems_3: bitstring) = (if v_36 then (if v_37 then (if v_39 then (if v_41 then (if v_42 then (if v_43 then (if v_45 then (ms_2,b2ae(kc_2),b2ae(ks_2),ems_2) else fail-any_type) else fail-any_type) else fail-any_type) else fail-any_type) else fail-any_type) else fail-any_type) else fail-any_type) in
                {330}let m2_1: bitstring = hmac(StrongHash,kcm_2,log_SFIN_1) in
                {331}let log_CFIN_1: bitstring = (log_SFIN_1,FIN(m2_1)) in
                {332}let l_26: label = tls13_resumption_master_secret in
                {333}let c_26: bitstring = catch-fail(hash(StrongHash,log_CFIN_1)) in
                {334}let v_46: bool = not-caught-fail(c_26) in
                {335}let rms_1: bitstring = (if v_46 then hmac(StrongHash,ms_3,(l_26,c_26)) else fail-any_type) in
                {336}event ClientFin1WayAgr(ID_S_5,pubTSK_3,psk,offer,mode,kc_3,ks_3,ems_3,rms_1);
                {337}event ClientFinRecentAgr(ID_S_5,ID_C_1,pubTSK_3,psk,offer,mode,kc_3,ks_3,ems_3,rms_1,cr_1,sr);
                {338}event ClientConn(cmw);
                {339}event ClientComp(ID_S_5,psk,offer,mode,kc_3,ks_3,ems_3,rms_1,cr_1,sr,pubTSK_3,dev_statusRef_3);
                {340}event ClientRANew(NULL_ID,NULL_pubkey,pubAK_3,pubKAK_2,pubTSK_3,pubRVP,dev_statusRef_3,cmw);
                {341}event ClientID(ID_S_5,kem_ss);
                {342}event ClientStateEvKc(cmw,kc_3);
                {343}event ClientStateEvKch(cmw,kch_1);
                {344}event ClientStateEv(cmw,kem_ss);
                {345}event ClientFinished(pubTSK_3,psk,cr_1,sr,offer,mode,kc_3,ks_3,ems_3,rms_1);
                {346}out(io, FIN(m2_1));
                {347}in(io, app_msg_enc: bitstring);
                {348}let app_msg_s: bitstring = ph_read(app_msg_enc,ks_3) in
                {349}let req_ctx_3: bitstring = cr_1 in
                {350}event ClientReceivesAppData(ID_S_5,pubTSK_3,pubKAK_2,cr_1,sr,req_ctx_3,ems_3,ks_3,kc_3,dev_statusRef_3,app_msg_s)
            )
            else
                {351}if (timingOption = Post) then
                {352}event AttestationTimingWindow(timingOption);
                {353}let l_27: label = ea_server_hs_context in
                {354}let context_value: bitstring = zero in
                {355}let m_5: bitstring = zero in
                {356}let c_27: bitstring = catch-fail(hash(StrongHash,m_5)) in
                {357}let v_47: bool = not-caught-fail(c_27) in
                {358}let s_1: bitstring = catch-fail((if v_47 then hmac(StrongHash,ems_1,(l_27,c_27)) else fail-any_type)) in
                {359}let v_48: bool = not-caught-fail(s_1) in
                {360}let l_28: label = (if v_48 then exporter_label else caught-fail) in
                {361}let c_28: bitstring = (if v_48 then catch-fail(hash(StrongHash,context_value)) else caught-fail) in
                {362}let v_49: bool = not-caught-fail(c_28) in
                {363}let ea_hs_ctx: bitstring = (if v_48 then (if v_49 then hmac(StrongHash,s_1,(l_28,c_28)) else fail-any_type) else fail-any_type) in
                {364}let log_EA_CRT: bitstring = (ea_hs_ctx,req_msg,CRT(ea_cert)) in
                {365}if (verify(pubTSK_3,hash(shash_algo,(ea_cv_context,log_EA_CRT)),ea_sg) = true) then
                {366}event Accepted(cmw);
                {367}event Appraised(log_EA_CRT);
                {368}event AcceptedRdata(dev_status);
                {369}let log_EA_CV: bitstring = (log_EA_CRT,CV(ea_sg)) in
                {370}let l_29: label = ea_server_fin_key in
                {371}let context_value_1: bitstring = zero in
                {372}let m_6: bitstring = zero in
                {373}let c_29: bitstring = catch-fail(hash(StrongHash,m_6)) in
                {374}let v_50: bool = not-caught-fail(c_29) in
                {375}let s_2: bitstring = catch-fail((if v_50 then hmac(StrongHash,ems_1,(l_29,c_29)) else fail-any_type)) in
                {376}let v_51: bool = not-caught-fail(s_2) in
                {377}let l_30: label = (if v_51 then exporter_label else caught-fail) in
                {378}let c_30: bitstring = (if v_51 then catch-fail(hash(StrongHash,context_value_1)) else caught-fail) in
                {379}let v_52: bool = not-caught-fail(c_30) in
                {380}let ea_fin: bitstring = (if v_51 then (if v_52 then hmac(StrongHash,s_2,(l_30,c_30)) else fail-any_type) else fail-any_type) in
                {381}if (ea_mac = hmac(StrongHash,ea_fin,log_EA_CV)) then
                {382}event ClientConn(cmw);
                {383}event ClientComp(ID_S_5,psk,offer,mode,kc_1,ks_1,ems_1,rms,cr_1,sr,pubTSK_3,dev_status);
                {384}event ClientRANew(NULL_ID,NULL_pubkey,pubAK_3,pubKAK_2,pubTSK_3,pubRVP,dev_status,cmw);
                {385}event ClientID(ID_S_5,kem_ss);
                {386}event ClientStateEvKc(cmw,kc_1);
                {387}event ClientStateEvKch(cmw,kch_1);
                {388}event ClientStateEv(cmw,kem_ss);
                {389}in(io, app_msg_enc_1: bitstring);
                {390}let app_msg_s_1: bitstring = ph_read(app_msg_enc_1,ks_1) in
                {391}event ClientReceivesAppData(ID_S_5,pubTSK_3,pubKAK_2,cr_1,sr,req_ctx_2,ems_1,ks_1,kc_1,dev_status,app_msg_s_1)
        )
        else
            {392}if (idOption = OptionB) then
            {393}let (id_pub_pair_3: bitstring,sig_ca: bitstring) = server_cert_2 in
            {394}let (cert_subject_2: identity,=pubTSK_3) = id_pub_pair_3 in
            {395}if (verify(pubCA,id_pub_pair_3,sig_ca) = true) then
            {396}if (TargetHost = ID_S_5) then
            {397}if (ID_S_5 = cert_subject_2) then
            {398}let (comid_rvp_1: bitstring,sig_rvp_1: bitstring) = manifest_2 in
            {399}if (verify(pubRVP,comid_rvp_1,sig_rvp_1) = true) then
            {400}let RefValTriple(WID: identity,dev_statusRef_4: measurements,workloadAttr_2: attribute) = comid_rvp_1 in
            {401}let (pat_claims_1: bitstring,pat_sig: bitstring) = pat in
            {402}let eat_pat_profile(pubKAK_3: pubkey,evidenceAttr_1: attribute,dev_status_1: measurements,eat_nonce_1: bitstring) = pat_claims_1 in
            {403}let cdata_1: bitstring = (StrongHash,pat_claims_1) in
            {404}if (verify(pubAK_3,(dev_status_1,cdata_1),pat_sig) = true) then
            {405}let (kat_claims_1: bitstring,kat_sig_1: bitstring) = kat in
            {406}let eat_kat_profile(=pubTSK_3,=evidenceAttr_1,=eat_nonce_1) = kat_claims_1 in
            {407}if (verify(pubKAK_3,kat_claims_1,kat_sig_1) = true) then
            {408}if ((WID,dev_status_1,evidenceAttr_1,eat_nonce_1) = (ID_S_5,dev_statusRef_4,workloadAttr_2,sessionNonce)) then
            {409}event ClientAcceptsProvenance(cr_1,sr,evidenceAttr_1,pubKAK_3);
            {410}if (timingOption = Intra) then
            (
                {411}event AttestationTimingWindow(timingOption);
                {412}in(io, CV(sg_2: bitstring));
                {413}if (verify(pubTSK_3,hash(shash_algo,log_CRT_1),sg_2) = true) then
                {414}event Accepted(cmw);
                {415}event Appraised(log_SH_1);
                {416}event AcceptedRdata(dev_status_1);
                {417}let log_CV_2: bitstring = (log_CRT_1,CV(sg_2)) in
                {418}in(io, FIN(m1_2: bitstring));
                {419}if (m1_2 = hmac(StrongHash,ksm_2,log_CV_2)) then
                {420}let log_SFIN_2: bitstring = (log_CV_2,FIN(m1_2)) in
                {421}let l_31: label = tls13_derived in
                {422}let m_7: bitstring = zero in
                {423}let c_31: bitstring = catch-fail(hash(StrongHash,m_7)) in
                {424}let v_53: bool = not-caught-fail(c_31) in
                {425}let salt2_2: bitstring = catch-fail((if v_53 then hmac(StrongHash,hs_2,(l_31,c_31)) else fail-any_type)) in
                {426}let v_54: bool = not-caught-fail(salt2_2) in
                {427}let ikm_3: bitstring = (if v_54 then zero else caught-fail) in
                {428}let ms_4: bitstring = (if v_54 then catch-fail(hmac(StrongHash,salt2_2,ikm_3)) else caught-fail) in
                {429}let v_55: bool = not-caught-fail(ms_4) in
                {430}let l_32: label = (if v_55 then tls13_client_application_traffic_secret else caught-fail) in
                {431}let c_32: bitstring = (if v_55 then catch-fail(hash(StrongHash,log_SFIN_2)) else caught-fail) in
                {432}let v_56: bool = not-caught-fail(c_32) in
                {433}let atsc_2: bitstring = (if v_55 then catch-fail((if v_56 then hmac(StrongHash,ms_4,(l_32,c_32)) else fail-any_type)) else caught-fail) in
                {434}let v_57: bool = not-caught-fail(atsc_2) in
                {435}let l_33: label = (if v_57 then tls13_server_application_traffic_secret else caught-fail) in
                {436}let c_33: bitstring = (if v_57 then catch-fail(hash(StrongHash,log_SFIN_2)) else caught-fail) in
                {437}let v_58: bool = not-caught-fail(c_33) in
                {438}let atss_2: bitstring = (if v_57 then catch-fail((if v_58 then hmac(StrongHash,ms_4,(l_33,c_33)) else fail-any_type)) else caught-fail) in
                {439}let v_59: bool = not-caught-fail(atss_2) in
                {440}let l_34: label = (if v_59 then tls13_key else caught-fail) in
                {441}let c_34: bitstring = (if v_59 then zero else caught-fail) in
                {442}let kc_4: bitstring = (if v_59 then catch-fail(hmac(StrongHash,atsc_2,(l_34,c_34))) else caught-fail) in
                {443}let v_60: bool = not-caught-fail(kc_4) in
                {444}let l_35: label = (if v_60 then tls13_key else caught-fail) in
                {445}let c_35: bitstring = (if v_60 then zero else caught-fail) in
                {446}let ks_4: bitstring = (if v_60 then catch-fail(hmac(StrongHash,atss_2,(l_35,c_35))) else caught-fail) in
                {447}let v_61: bool = not-caught-fail(ks_4) in
                {448}let l_36: label = (if v_61 then tls13_exporter_master_secret else caught-fail) in
                {449}let c_36: bitstring = (if v_61 then catch-fail(hash(StrongHash,log_SFIN_2)) else caught-fail) in
                {450}let v_62: bool = not-caught-fail(c_36) in
                {451}let ems_4: bitstring = (if v_61 then catch-fail((if v_62 then hmac(StrongHash,ms_4,(l_36,c_36)) else fail-any_type)) else caught-fail) in
                {452}let v_63: bool = not-caught-fail(ems_4) in
                {453}let (ms_5: bitstring,kc_5: ae_key,ks_5: ae_key,ems_5: bitstring) = (if v_54 then (if v_55 then (if v_57 then (if v_59 then (if v_60 then (if v_61 then (if v_63 then (ms_4,b2ae(kc_4),b2ae(ks_4),ems_4) else fail-any_type) else fail-any_type) else fail-any_type) else fail-any_type) else fail-any_type) else fail-any_type) else fail-any_type) in
                {454}let m2_2: bitstring = hmac(StrongHash,kcm_2,log_SFIN_2) in
                {455}let log_CFIN_2: bitstring = (log_SFIN_2,FIN(m2_2)) in
                {456}let l_37: label = tls13_resumption_master_secret in
                {457}let c_37: bitstring = catch-fail(hash(StrongHash,log_CFIN_2)) in
                {458}let v_64: bool = not-caught-fail(c_37) in
                {459}let rms_2: bitstring = (if v_64 then hmac(StrongHash,ms_5,(l_37,c_37)) else fail-any_type) in
                {460}event ClientFin1WayAgr(ID_S_5,pubTSK_3,psk,offer,mode,kc_5,ks_5,ems_5,rms_2);
                {461}event ClientFinRecentAgr(ID_S_5,ID_C_1,pubTSK_3,psk,offer,mode,kc_5,ks_5,ems_5,rms_2,cr_1,sr);
                {462}event ClientConn(cmw);
                {463}event ClientComp(ID_S_5,psk,offer,mode,kc_5,ks_5,ems_5,rms_2,cr_1,sr,pubTSK_3,dev_statusRef_4);
                {464}event ClientRANew(NULL_ID,NULL_pubkey,pubAK_3,pubKAK_3,pubTSK_3,pubRVP,dev_statusRef_4,cmw);
                {465}event ClientID(ID_S_5,kem_ss);
                {466}event ClientStateEvKc(cmw,kc_5);
                {467}event ClientStateEvKch(cmw,kch_1);
                {468}event ClientStateEv(cmw,kem_ss);
                {469}event ClientFinished(pubTSK_3,psk,cr_1,sr,offer,mode,kc_5,ks_5,ems_5,rms_2);
                {470}out(io, FIN(m2_2));
                {471}in(io, app_msg_enc_2: bitstring);
                {472}let app_msg_s_2: bitstring = ph_read(app_msg_enc_2,ks_5) in
                {473}let req_ctx_4: bitstring = cr_1 in
                {474}event ClientReceivesAppData(ID_S_5,pubTSK_3,pubKAK_3,cr_1,sr,req_ctx_4,ems_5,ks_5,kc_5,dev_statusRef_4,app_msg_s_2)
            )
            else
                {475}if (timingOption = Post) then
                {476}event AttestationTimingWindow(timingOption);
                {477}let l_38: label = ea_server_hs_context in
                {478}let context_value_2: bitstring = zero in
                {479}let m_8: bitstring = zero in
                {480}let c_38: bitstring = catch-fail(hash(StrongHash,m_8)) in
                {481}let v_65: bool = not-caught-fail(c_38) in
                {482}let s_3: bitstring = catch-fail((if v_65 then hmac(StrongHash,ems_1,(l_38,c_38)) else fail-any_type)) in
                {483}let v_66: bool = not-caught-fail(s_3) in
                {484}let l_39: label = (if v_66 then exporter_label else caught-fail) in
                {485}let c_39: bitstring = (if v_66 then catch-fail(hash(StrongHash,context_value_2)) else caught-fail) in
                {486}let v_67: bool = not-caught-fail(c_39) in
                {487}let ea_hs_ctx_1: bitstring = (if v_66 then (if v_67 then hmac(StrongHash,s_3,(l_39,c_39)) else fail-any_type) else fail-any_type) in
                {488}let log_EA_CRT_1: bitstring = (ea_hs_ctx_1,req_msg,CRT(ea_cert)) in
                {489}if (verify(pubTSK_3,hash(shash_algo,(ea_cv_context,log_EA_CRT_1)),ea_sg) = true) then
                {490}event Accepted(cmw);
                {491}event Appraised(log_EA_CRT_1);
                {492}event AcceptedRdata(dev_status_1);
                {493}let log_EA_CV_1: bitstring = (log_EA_CRT_1,CV(ea_sg)) in
                {494}let l_40: label = ea_server_fin_key in
                {495}let context_value_3: bitstring = zero in
                {496}let m_9: bitstring = zero in
                {497}let c_40: bitstring = catch-fail(hash(StrongHash,m_9)) in
                {498}let v_68: bool = not-caught-fail(c_40) in
                {499}let s_4: bitstring = catch-fail((if v_68 then hmac(StrongHash,ems_1,(l_40,c_40)) else fail-any_type)) in
                {500}let v_69: bool = not-caught-fail(s_4) in
                {501}let l_41: label = (if v_69 then exporter_label else caught-fail) in
                {502}let c_41: bitstring = (if v_69 then catch-fail(hash(StrongHash,context_value_3)) else caught-fail) in
                {503}let v_70: bool = not-caught-fail(c_41) in
                {504}let ea_fin_1: bitstring = (if v_69 then (if v_70 then hmac(StrongHash,s_4,(l_41,c_41)) else fail-any_type) else fail-any_type) in
                {505}if (ea_mac = hmac(StrongHash,ea_fin_1,log_EA_CV_1)) then
                {506}event ClientConn(cmw);
                {507}event ClientComp(ID_S_5,psk,offer,mode,kc_1,ks_1,ems_1,rms,cr_1,sr,pubTSK_3,dev_status_1);
                {508}event ClientRANew(NULL_ID,NULL_pubkey,pubAK_3,pubKAK_3,pubTSK_3,pubRVP,dev_status_1,cmw);
                {509}event ClientID(ID_S_5,kem_ss);
                {510}event ClientStateEvKc(cmw,kc_1);
                {511}event ClientStateEvKch(cmw,kch_1);
                {512}event ClientStateEv(cmw,kem_ss);
                {513}in(io, app_msg_enc_3: bitstring);
                {514}let app_msg_s_3: bitstring = ph_read(app_msg_enc_3,ks_1) in
                {515}event ClientReceivesAppData(ID_S_5,pubTSK_3,pubKAK_3,cr_1,sr,req_ctx_2,ems_1,ks_1,kc_1,dev_status_1,app_msg_s_3)
    )
    else
        {516}if (idOption = OptionB) then
        {517}!
        {518}in(io, TargetHost_1: identity);
        {519}let ID_S_6: identity = TargetHost_1 in
        {520}!
        {521}let ID_C_2: identity = ID_C in
        {522}in(io, (TargetHost_2: identity,ioffer_1: params));
        {523}let nego(=aTLS,MLKEM_13_C(ka_1: kem_alg,eee_1: kem_pub),hash_algo_1: hash_alg,ev_type_1: ev_typ) = ioffer_1 in
        {524}new dk_2: kem_priv;
        {525}let ek_2: kem_pub = kem_pk(dk_2) in
        {526}let (dk_3: kem_priv,ek_3: kem_pub) = (dk_2,ek_2) in
        {527}let offer_1: params = nego(aTLS,MLKEM_13_C(ka_1,ek_3),hash_algo_1,ev_type_1) in
        {528}new cr_2: random;
        {529}let ch_1: msg = CH(cr_2,offer_1,TargetHost_2) in
        {530}let psk_1: preSharedKey = NoPSK in
        {531}let salt_1: bitstring = zero in
        {532}let ikm_4: bitstring = catch-fail(psk2b(psk_1)) in
        {533}let v_71: bool = not-caught-fail(ikm_4) in
        {534}let es_2: bitstring = catch-fail((if v_71 then hmac(StrongHash,salt_1,ikm_4) else fail-any_type)) in
        {535}let v_72: bool = not-caught-fail(es_2) in
        {536}let l_42: label = (if v_72 then tls13_resumption_psk_binder_key else caught-fail) in
        {537}let m_10: bitstring = (if v_72 then zero else caught-fail) in
        {538}let c_42: bitstring = (if v_72 then catch-fail(hash(StrongHash,m_10)) else caught-fail) in
        {539}let v_73: bool = not-caught-fail(c_42) in
        {540}let kb_2: bitstring = (if v_72 then catch-fail((if v_73 then hmac(StrongHash,es_2,(l_42,c_42)) else fail-any_type)) else caught-fail) in
        {541}let v_74: bool = not-caught-fail(kb_2) in
        {542}let l_43: label = (if v_74 then tls13_client_early_traffic_secret else caught-fail) in
        {543}let c_43: bitstring = (if v_74 then catch-fail(hash(StrongHash,ch_1)) else caught-fail) in
        {544}let v_75: bool = not-caught-fail(c_43) in
        {545}let atsc0_1: bitstring = (if v_74 then catch-fail((if v_75 then hmac(StrongHash,es_2,(l_43,c_43)) else fail-any_type)) else caught-fail) in
        {546}let v_76: bool = not-caught-fail(atsc0_1) in
        {547}let l_44: label = (if v_76 then tls13_key else caught-fail) in
        {548}let c_44: bitstring = (if v_76 then zero else caught-fail) in
        {549}let kc0_2: bitstring = (if v_76 then catch-fail(hmac(StrongHash,atsc0_1,(l_44,c_44))) else caught-fail) in
        {550}let v_77: bool = not-caught-fail(kc0_2) in
        {551}let l_45: label = (if v_77 then tls13_early_exporter_master_secret else caught-fail) in
        {552}let c_45: bitstring = (if v_77 then catch-fail(hash(StrongHash,ch_1)) else caught-fail) in
        {553}let v_78: bool = not-caught-fail(c_45) in
        {554}let ems0_2: bitstring = (if v_77 then catch-fail((if v_78 then hmac(StrongHash,es_2,(l_45,c_45)) else fail-any_type)) else caught-fail) in
        {555}let v_79: bool = not-caught-fail(ems0_2) in
        {556}let (es_3: bitstring,kb_3: mac_key,kc0_3: ae_key,ems0_3: bitstring) = (if v_72 then (if v_74 then (if v_76 then (if v_77 then (if v_79 then (es_2,kb_2,b2ae(kc0_2),ems0_2) else fail-any_type) else fail-any_type) else fail-any_type) else fail-any_type) else fail-any_type) in
        {557}event ClientOffersHash(cr_2,hash_algo_1);
        {558}event ClientOffersKEX(cr_2,MLKEM_13_C(ka_1,ek_3));
        {559}event ClientOffersEvType(cr_2,ev_type_1);
        {560}out(io, ch_1);
        {561}in(io, SH(sr_1: random,mode_1: params));
        {562}let nego(=aTLS,MLKEM_13_S(=ka_1,ciph_1: kem_ct),shash_algo_1: hash_alg,sev_type_1: ev_typ) = mode_1 in
        {563}event ClientAcceptsKEM(cr_2,ka_1);
        {564}event ClientAcceptsHash(cr_2,shash_algo_1);
        {565}let log_SH_2: bitstring = (ch_1,SH(sr_1,mode_1)) in
        {566}let kem_ss_1: bitstring = kem_decap(ka_1,dk_3,ciph_1) in
        {567}let l_46: label = tls13_derived in
        {568}let m_11: bitstring = zero in
        {569}let c_46: bitstring = catch-fail(hash(StrongHash,m_11)) in
        {570}let v_80: bool = not-caught-fail(c_46) in
        {571}let salt1_1: bitstring = catch-fail((if v_80 then hmac(StrongHash,es_3,(l_46,c_46)) else fail-any_type)) in
        {572}let v_81: bool = not-caught-fail(salt1_1) in
        {573}let hs_3: bitstring = (if v_81 then catch-fail(hmac(StrongHash,salt1_1,kem_ss_1)) else caught-fail) in
        {574}let v_82: bool = not-caught-fail(hs_3) in
        {575}let l_47: label = (if v_82 then tls13_client_handshake_traffic_secret else caught-fail) in
        {576}let c_47: bitstring = (if v_82 then catch-fail(hash(StrongHash,log_SH_2)) else caught-fail) in
        {577}let v_83: bool = not-caught-fail(c_47) in
        {578}let htsc_1: bitstring = (if v_82 then catch-fail((if v_83 then hmac(StrongHash,hs_3,(l_47,c_47)) else fail-any_type)) else caught-fail) in
        {579}let v_84: bool = not-caught-fail(htsc_1) in
        {580}let l_48: label = (if v_84 then tls13_server_handshake_traffic_secret else caught-fail) in
        {581}let c_48: bitstring = (if v_84 then catch-fail(hash(StrongHash,log_SH_2)) else caught-fail) in
        {582}let v_85: bool = not-caught-fail(c_48) in
        {583}let htss_1: bitstring = (if v_84 then catch-fail((if v_85 then hmac(StrongHash,hs_3,(l_48,c_48)) else fail-any_type)) else caught-fail) in
        {584}let v_86: bool = not-caught-fail(htss_1) in
        {585}let l_49: label = (if v_86 then tls13_key else caught-fail) in
        {586}let c_49: bitstring = (if v_86 then zero else caught-fail) in
        {587}let kch_2: bitstring = (if v_86 then catch-fail(hmac(StrongHash,htsc_1,(l_49,c_49))) else caught-fail) in
        {588}let v_87: bool = not-caught-fail(kch_2) in
        {589}let l_50: label = (if v_87 then tls13_key else caught-fail) in
        {590}let c_50: bitstring = (if v_87 then zero else caught-fail) in
        {591}let ksh_2: bitstring = (if v_87 then catch-fail(hmac(StrongHash,htss_1,(l_50,c_50))) else caught-fail) in
        {592}let v_88: bool = not-caught-fail(ksh_2) in
        {593}let l_51: label = (if v_88 then tls13_finished else caught-fail) in
        {594}let c_51: bitstring = (if v_88 then zero else caught-fail) in
        {595}let kcm_3: bitstring = (if v_88 then catch-fail(hmac(StrongHash,htsc_1,(l_51,c_51))) else caught-fail) in
        {596}let v_89: bool = not-caught-fail(kcm_3) in
        {597}let l_52: label = (if v_89 then tls13_finished else caught-fail) in
        {598}let c_52: bitstring = (if v_89 then zero else caught-fail) in
        {599}let ksm_3: bitstring = (if v_89 then catch-fail(hmac(StrongHash,htss_1,(l_52,c_52))) else caught-fail) in
        {600}let v_90: bool = not-caught-fail(ksm_3) in
        {601}let (hs_4: bitstring,kch_3: ae_key,ksh_3: ae_key,kcm_4: mac_key,ksm_4: mac_key) = (if v_81 then (if v_82 then (if v_84 then (if v_86 then (if v_87 then (if v_88 then (if v_89 then (if v_90 then (hs_3,b2ae(kch_2),b2ae(ksh_2),kcm_3,ksm_3) else fail-any_type) else fail-any_type) else fail-any_type) else fail-any_type) else fail-any_type) else fail-any_type) else fail-any_type) else fail-any_type) in
        {602}in(io, CRT(server_cert_3: bitstring));
        {603}let (id_pub_pair_4: bitstring,sig1_3: bitstring) = server_cert_3 in
        {604}let (cert_subject_3: identity,pubTSK_4: pubkey) = id_pub_pair_4 in
        {605}let log_CRT_2: bitstring = (log_SH_2,CRT(server_cert_3)) in
        {606}in(io, CV(sg_3: bitstring));
        {607}if (verify(pubTSK_4,hash(shash_algo_1,log_CRT_2),sg_3) = true) then
        {608}let log_CV_3: bitstring = (log_CRT_2,CV(sg_3)) in
        {609}in(io, FIN(m1_3: bitstring));
        {610}if (m1_3 = hmac(StrongHash,ksm_4,log_CV_3)) then
        {611}let log_SFIN_3: bitstring = (log_CV_3,FIN(m1_3)) in
        {612}let l_53: label = tls13_derived in
        {613}let m_12: bitstring = zero in
        {614}let c_53: bitstring = catch-fail(hash(StrongHash,m_12)) in
        {615}let v_91: bool = not-caught-fail(c_53) in
        {616}let salt2_3: bitstring = catch-fail((if v_91 then hmac(StrongHash,hs_4,(l_53,c_53)) else fail-any_type)) in
        {617}let v_92: bool = not-caught-fail(salt2_3) in
        {618}let ikm_5: bitstring = (if v_92 then zero else caught-fail) in
        {619}let ms_6: bitstring = (if v_92 then catch-fail(hmac(StrongHash,salt2_3,ikm_5)) else caught-fail) in
        {620}let v_93: bool = not-caught-fail(ms_6) in
        {621}let l_54: label = (if v_93 then tls13_client_application_traffic_secret else caught-fail) in
        {622}let c_54: bitstring = (if v_93 then catch-fail(hash(StrongHash,log_SFIN_3)) else caught-fail) in
        {623}let v_94: bool = not-caught-fail(c_54) in
        {624}let atsc_3: bitstring = (if v_93 then catch-fail((if v_94 then hmac(StrongHash,ms_6,(l_54,c_54)) else fail-any_type)) else caught-fail) in
        {625}let v_95: bool = not-caught-fail(atsc_3) in
        {626}let l_55: label = (if v_95 then tls13_server_application_traffic_secret else caught-fail) in
        {627}let c_55: bitstring = (if v_95 then catch-fail(hash(StrongHash,log_SFIN_3)) else caught-fail) in
        {628}let v_96: bool = not-caught-fail(c_55) in
        {629}let atss_3: bitstring = (if v_95 then catch-fail((if v_96 then hmac(StrongHash,ms_6,(l_55,c_55)) else fail-any_type)) else caught-fail) in
        {630}let v_97: bool = not-caught-fail(atss_3) in
        {631}let l_56: label = (if v_97 then tls13_key else caught-fail) in
        {632}let c_56: bitstring = (if v_97 then zero else caught-fail) in
        {633}let kc_6: bitstring = (if v_97 then catch-fail(hmac(StrongHash,atsc_3,(l_56,c_56))) else caught-fail) in
        {634}let v_98: bool = not-caught-fail(kc_6) in
        {635}let l_57: label = (if v_98 then tls13_key else caught-fail) in
        {636}let c_57: bitstring = (if v_98 then zero else caught-fail) in
        {637}let ks_6: bitstring = (if v_98 then catch-fail(hmac(StrongHash,atss_3,(l_57,c_57))) else caught-fail) in
        {638}let v_99: bool = not-caught-fail(ks_6) in
        {639}let l_58: label = (if v_99 then tls13_exporter_master_secret else caught-fail) in
        {640}let c_58: bitstring = (if v_99 then catch-fail(hash(StrongHash,log_SFIN_3)) else caught-fail) in
        {641}let v_100: bool = not-caught-fail(c_58) in
        {642}let ems_6: bitstring = (if v_99 then catch-fail((if v_100 then hmac(StrongHash,ms_6,(l_58,c_58)) else fail-any_type)) else caught-fail) in
        {643}let v_101: bool = not-caught-fail(ems_6) in
        {644}let (ms_7: bitstring,kc_7: ae_key,ks_7: ae_key,ems_7: bitstring) = (if v_92 then (if v_93 then (if v_95 then (if v_97 then (if v_98 then (if v_99 then (if v_101 then (ms_6,b2ae(kc_6),b2ae(ks_6),ems_6) else fail-any_type) else fail-any_type) else fail-any_type) else fail-any_type) else fail-any_type) else fail-any_type) else fail-any_type) in
        {645}let m2_3: bitstring = hmac(StrongHash,kcm_4,log_SFIN_3) in
        {646}let log_CFIN_3: bitstring = (log_SFIN_3,FIN(m2_3)) in
        {647}let l_59: label = tls13_resumption_master_secret in
        {648}let c_59: bitstring = catch-fail(hash(StrongHash,log_CFIN_3)) in
        {649}let v_102: bool = not-caught-fail(c_59) in
        {650}let rms_3: bitstring = (if v_102 then hmac(StrongHash,ms_7,(l_59,c_59)) else fail-any_type) in
        {651}event ClientFin1WayAgr(ID_S_6,pubTSK_4,psk_1,offer_1,mode_1,kc_7,ks_7,ems_7,rms_3);
        {652}event ClientFinRecentAgr(ID_S_6,ID_C_2,pubTSK_4,psk_1,offer_1,mode_1,kc_7,ks_7,ems_7,rms_3,cr_2,sr_1);
        {653}event ClientFinished(pubTSK_4,psk_1,cr_2,sr_1,offer_1,mode_1,kc_7,ks_7,ems_7,rms_3);
        {654}out(io, FIN(m2_3));
        {655}let cr_3: random = cr_2 in
        {656}new req_ctx_5: bitstring;
        {657}let req_msg_1: msg = AuthenticatorRequest(req_ctx_5) in
        {658}out(io, AuthFrame(ALTA_magic,auth_request,req_msg_1));
        {659}in(io, ea_frame_1: bitstring);
        {660}let AuthFrame(=ALTA_magic,=authenticator,ea_bundle_1: msg) = ea_frame_1 in
        {661}let AuthenticatorResponse(CRT(ea_cert_1: bitstring),CV(ea_sg_1: bitstring),FIN(ea_mac_1: bitstring)) = ea_bundle_1 in
        {662}let (cmw_1: bitstring,=server_cert_3) = ea_cert_1 in
        {663}let (id_pub_pair_5: bitstring,sig1_4: bitstring) = server_cert_3 in
        {664}let (cert_subject_4: identity,=pubTSK_4) = id_pub_pair_5 in
        {665}let req_ctx_6: bitstring = req_ctx_5 in
        {666}let l_60: label = expat_attestation in
        {667}let m_13: bitstring = zero in
        {668}let c_60: bitstring = catch-fail(hash(StrongHash,m_13)) in
        {669}let v_103: bool = not-caught-fail(c_60) in
        {670}let s_5: bitstring = catch-fail((if v_103 then hmac(StrongHash,ems_7,(l_60,c_60)) else fail-any_type)) in
        {671}let v_104: bool = not-caught-fail(s_5) in
        {672}let l_61: label = (if v_104 then exporter_label else caught-fail) in
        {673}let c_61: bitstring = (if v_104 then catch-fail(hash(StrongHash,req_ctx_6)) else caught-fail) in
        {674}let v_105: bool = not-caught-fail(c_61) in
        {675}let exported_val_1: bitstring = (if v_104 then (if v_105 then hmac(StrongHash,s_5,(l_61,c_61)) else fail-any_type) else fail-any_type) in
        {676}let sessionNonce_1: bitstring = hash(StrongHash,(exported_val_1,pubTSK_4)) in
        {677}let log_SH_3: bitstring = Nil in
        {678}let log_CRT_3: bitstring = Nil in
        {679}let hs_5: bitstring = Nil in
        {680}let ksm_5: mac_key = Nil in
        {681}let kcm_5: mac_key = Nil in
        {682}let req_ctx_7: bitstring = req_ctx_5 in
        {683}let (pat_1: bitstring,kat_1: bitstring) = cmw_1 in
        {684}in(io, (manifest_3: bitstring,endorsements_2: bitstring));
        {685}let (comid_csp_1: bitstring,sig_csp_1: bitstring) = endorsements_2 in
        {686}if (verify(pubCSP,comid_csp_1,sig_csp_1) = true) then
        {687}let AttestKeyTriple(=NULL_ID,pubAK_4: pubkey) = comid_csp_1 in
        {688}event ClientIdentityOption(idOption);
        {689}in(io, timingOption_1: attestation_option);
        {690}if (idOption = OptionA) then
        (
            {691}let dev_status_2: measurements = id2dev(ID_S_6) in
            {692}let (comid_rvp_2: bitstring,sig_rvp_2: bitstring) = manifest_3 in
            {693}if (verify(pubRVP,comid_rvp_2,sig_rvp_2) = true) then
            {694}let RefValTriple(workloadID_1: identity,dev_statusRef_5: measurements,workloadAttr_3: attribute) = comid_rvp_2 in
            {695}let (pat_claims_2: bitstring,ae_sig_1: bitstring) = pat_1 in
            {696}let eat_pat_profile(pubKAK_4: pubkey,evidenceAttr_2: attribute,=dev_statusRef_5,eat_nonce_2: bitstring) = pat_claims_2 in
            {697}let cdata_2: bitstring = (StrongHash,pat_claims_2) in
            {698}if (verify(pubAK_4,(dev_statusRef_5,cdata_2),ae_sig_1) = true) then
            {699}let (kat_claims_2: bitstring,kat_sig_2: bitstring) = kat_1 in
            {700}let eat_kat_profile(=pubTSK_4,=evidenceAttr_2,=eat_nonce_2) = kat_claims_2 in
            {701}if (verify(pubKAK_4,kat_claims_2,kat_sig_2) = true) then
            {702}if (ID_S_6 = workloadID_1) then
            {703}if (ID_S_6 = dev2id(dev_statusRef_5)) then
            {704}if (dev_status_2 = dev_statusRef_5) then
            {705}if (evidenceAttr_2 = workloadAttr_3) then
            {706}if (eat_nonce_2 = sessionNonce_1) then
            {707}event ClientAcceptsProvenance(cr_3,sr_1,evidenceAttr_2,pubKAK_4);
            {708}if (timingOption_1 = Intra) then
            (
                {709}event AttestationTimingWindow(timingOption_1);
                {710}in(io, CV(sg_4: bitstring));
                {711}if (verify(pubTSK_4,hash(shash_algo_1,log_CRT_3),sg_4) = true) then
                {712}event Accepted(cmw_1);
                {713}event Appraised(log_SH_3);
                {714}event AcceptedRdata(dev_status_2);
                {715}let log_CV_4: bitstring = (log_CRT_3,CV(sg_4)) in
                {716}in(io, FIN(m1_4: bitstring));
                {717}if (m1_4 = hmac(StrongHash,ksm_5,log_CV_4)) then
                {718}let log_SFIN_4: bitstring = (log_CV_4,FIN(m1_4)) in
                {719}let l_62: label = tls13_derived in
                {720}let m_14: bitstring = zero in
                {721}let c_62: bitstring = catch-fail(hash(StrongHash,m_14)) in
                {722}let v_106: bool = not-caught-fail(c_62) in
                {723}let salt2_4: bitstring = catch-fail((if v_106 then hmac(StrongHash,hs_5,(l_62,c_62)) else fail-any_type)) in
                {724}let v_107: bool = not-caught-fail(salt2_4) in
                {725}let ikm_6: bitstring = (if v_107 then zero else caught-fail) in
                {726}let ms_8: bitstring = (if v_107 then catch-fail(hmac(StrongHash,salt2_4,ikm_6)) else caught-fail) in
                {727}let v_108: bool = not-caught-fail(ms_8) in
                {728}let l_63: label = (if v_108 then tls13_client_application_traffic_secret else caught-fail) in
                {729}let c_63: bitstring = (if v_108 then catch-fail(hash(StrongHash,log_SFIN_4)) else caught-fail) in
                {730}let v_109: bool = not-caught-fail(c_63) in
                {731}let atsc_4: bitstring = (if v_108 then catch-fail((if v_109 then hmac(StrongHash,ms_8,(l_63,c_63)) else fail-any_type)) else caught-fail) in
                {732}let v_110: bool = not-caught-fail(atsc_4) in
                {733}let l_64: label = (if v_110 then tls13_server_application_traffic_secret else caught-fail) in
                {734}let c_64: bitstring = (if v_110 then catch-fail(hash(StrongHash,log_SFIN_4)) else caught-fail) in
                {735}let v_111: bool = not-caught-fail(c_64) in
                {736}let atss_4: bitstring = (if v_110 then catch-fail((if v_111 then hmac(StrongHash,ms_8,(l_64,c_64)) else fail-any_type)) else caught-fail) in
                {737}let v_112: bool = not-caught-fail(atss_4) in
                {738}let l_65: label = (if v_112 then tls13_key else caught-fail) in
                {739}let c_65: bitstring = (if v_112 then zero else caught-fail) in
                {740}let kc_8: bitstring = (if v_112 then catch-fail(hmac(StrongHash,atsc_4,(l_65,c_65))) else caught-fail) in
                {741}let v_113: bool = not-caught-fail(kc_8) in
                {742}let l_66: label = (if v_113 then tls13_key else caught-fail) in
                {743}let c_66: bitstring = (if v_113 then zero else caught-fail) in
                {744}let ks_8: bitstring = (if v_113 then catch-fail(hmac(StrongHash,atss_4,(l_66,c_66))) else caught-fail) in
                {745}let v_114: bool = not-caught-fail(ks_8) in
                {746}let l_67: label = (if v_114 then tls13_exporter_master_secret else caught-fail) in
                {747}let c_67: bitstring = (if v_114 then catch-fail(hash(StrongHash,log_SFIN_4)) else caught-fail) in
                {748}let v_115: bool = not-caught-fail(c_67) in
                {749}let ems_8: bitstring = (if v_114 then catch-fail((if v_115 then hmac(StrongHash,ms_8,(l_67,c_67)) else fail-any_type)) else caught-fail) in
                {750}let v_116: bool = not-caught-fail(ems_8) in
                {751}let (ms_9: bitstring,kc_9: ae_key,ks_9: ae_key,ems_9: bitstring) = (if v_107 then (if v_108 then (if v_110 then (if v_112 then (if v_113 then (if v_114 then (if v_116 then (ms_8,b2ae(kc_8),b2ae(ks_8),ems_8) else fail-any_type) else fail-any_type) else fail-any_type) else fail-any_type) else fail-any_type) else fail-any_type) else fail-any_type) in
                {752}let m2_4: bitstring = hmac(StrongHash,kcm_5,log_SFIN_4) in
                {753}let log_CFIN_4: bitstring = (log_SFIN_4,FIN(m2_4)) in
                {754}let l_68: label = tls13_resumption_master_secret in
                {755}let c_68: bitstring = catch-fail(hash(StrongHash,log_CFIN_4)) in
                {756}let v_117: bool = not-caught-fail(c_68) in
                {757}let rms_4: bitstring = (if v_117 then hmac(StrongHash,ms_9,(l_68,c_68)) else fail-any_type) in
                {758}event ClientFin1WayAgr(ID_S_6,pubTSK_4,psk_1,offer_1,mode_1,kc_9,ks_9,ems_9,rms_4);
                {759}event ClientFinRecentAgr(ID_S_6,ID_C_2,pubTSK_4,psk_1,offer_1,mode_1,kc_9,ks_9,ems_9,rms_4,cr_3,sr_1);
                {760}event ClientConn(cmw_1);
                {761}event ClientComp(ID_S_6,psk_1,offer_1,mode_1,kc_9,ks_9,ems_9,rms_4,cr_3,sr_1,pubTSK_4,dev_statusRef_5);
                {762}event ClientRANew(NULL_ID,NULL_pubkey,pubAK_4,pubKAK_4,pubTSK_4,pubRVP,dev_statusRef_5,cmw_1);
                {763}event ClientID(ID_S_6,kem_ss_1);
                {764}event ClientStateEvKc(cmw_1,kc_9);
                {765}event ClientStateEvKch(cmw_1,kch_3);
                {766}event ClientStateEv(cmw_1,kem_ss_1);
                {767}event ClientFinished(pubTSK_4,psk_1,cr_3,sr_1,offer_1,mode_1,kc_9,ks_9,ems_9,rms_4);
                {768}out(io, FIN(m2_4));
                {769}in(io, app_msg_enc_4: bitstring);
                {770}let app_msg_s_4: bitstring = ph_read(app_msg_enc_4,ks_9) in
                {771}let req_ctx_8: bitstring = cr_3 in
                {772}event ClientReceivesAppData(ID_S_6,pubTSK_4,pubKAK_4,cr_3,sr_1,req_ctx_8,ems_9,ks_9,kc_9,dev_statusRef_5,app_msg_s_4)
            )
            else
                {773}if (timingOption_1 = Post) then
                {774}event AttestationTimingWindow(timingOption_1);
                {775}let l_69: label = ea_server_hs_context in
                {776}let context_value_4: bitstring = zero in
                {777}let m_15: bitstring = zero in
                {778}let c_69: bitstring = catch-fail(hash(StrongHash,m_15)) in
                {779}let v_118: bool = not-caught-fail(c_69) in
                {780}let s_6: bitstring = catch-fail((if v_118 then hmac(StrongHash,ems_7,(l_69,c_69)) else fail-any_type)) in
                {781}let v_119: bool = not-caught-fail(s_6) in
                {782}let l_70: label = (if v_119 then exporter_label else caught-fail) in
                {783}let c_70: bitstring = (if v_119 then catch-fail(hash(StrongHash,context_value_4)) else caught-fail) in
                {784}let v_120: bool = not-caught-fail(c_70) in
                {785}let ea_hs_ctx_2: bitstring = (if v_119 then (if v_120 then hmac(StrongHash,s_6,(l_70,c_70)) else fail-any_type) else fail-any_type) in
                {786}let log_EA_CRT_2: bitstring = (ea_hs_ctx_2,req_msg_1,CRT(ea_cert_1)) in
                {787}if (verify(pubTSK_4,hash(shash_algo_1,(ea_cv_context,log_EA_CRT_2)),ea_sg_1) = true) then
                {788}event Accepted(cmw_1);
                {789}event Appraised(log_EA_CRT_2);
                {790}event AcceptedRdata(dev_status_2);
                {791}let log_EA_CV_2: bitstring = (log_EA_CRT_2,CV(ea_sg_1)) in
                {792}let l_71: label = ea_server_fin_key in
                {793}let context_value_5: bitstring = zero in
                {794}let m_16: bitstring = zero in
                {795}let c_71: bitstring = catch-fail(hash(StrongHash,m_16)) in
                {796}let v_121: bool = not-caught-fail(c_71) in
                {797}let s_7: bitstring = catch-fail((if v_121 then hmac(StrongHash,ems_7,(l_71,c_71)) else fail-any_type)) in
                {798}let v_122: bool = not-caught-fail(s_7) in
                {799}let l_72: label = (if v_122 then exporter_label else caught-fail) in
                {800}let c_72: bitstring = (if v_122 then catch-fail(hash(StrongHash,context_value_5)) else caught-fail) in
                {801}let v_123: bool = not-caught-fail(c_72) in
                {802}let ea_fin_2: bitstring = (if v_122 then (if v_123 then hmac(StrongHash,s_7,(l_72,c_72)) else fail-any_type) else fail-any_type) in
                {803}if (ea_mac_1 = hmac(StrongHash,ea_fin_2,log_EA_CV_2)) then
                {804}event ClientConn(cmw_1);
                {805}event ClientComp(ID_S_6,psk_1,offer_1,mode_1,kc_7,ks_7,ems_7,rms_3,cr_3,sr_1,pubTSK_4,dev_status_2);
                {806}event ClientRANew(NULL_ID,NULL_pubkey,pubAK_4,pubKAK_4,pubTSK_4,pubRVP,dev_status_2,cmw_1);
                {807}event ClientID(ID_S_6,kem_ss_1);
                {808}event ClientStateEvKc(cmw_1,kc_7);
                {809}event ClientStateEvKch(cmw_1,kch_3);
                {810}event ClientStateEv(cmw_1,kem_ss_1);
                {811}in(io, app_msg_enc_5: bitstring);
                {812}let app_msg_s_5: bitstring = ph_read(app_msg_enc_5,ks_7) in
                {813}event ClientReceivesAppData(ID_S_6,pubTSK_4,pubKAK_4,cr_3,sr_1,req_ctx_7,ems_7,ks_7,kc_7,dev_status_2,app_msg_s_5)
        )
        else
            {814}if (idOption = OptionB) then
            {815}let (id_pub_pair_6: bitstring,sig_ca_1: bitstring) = server_cert_3 in
            {816}let (cert_subject_5: identity,=pubTSK_4) = id_pub_pair_6 in
            {817}if (verify(pubCA,id_pub_pair_6,sig_ca_1) = true) then
            {818}if (TargetHost_2 = ID_S_6) then
            {819}if (ID_S_6 = cert_subject_5) then
            {820}let (comid_rvp_3: bitstring,sig_rvp_3: bitstring) = manifest_3 in
            {821}if (verify(pubRVP,comid_rvp_3,sig_rvp_3) = true) then
            {822}let RefValTriple(WID_1: identity,dev_statusRef_6: measurements,workloadAttr_4: attribute) = comid_rvp_3 in
            {823}let (pat_claims_3: bitstring,pat_sig_1: bitstring) = pat_1 in
            {824}let eat_pat_profile(pubKAK_5: pubkey,evidenceAttr_3: attribute,dev_status_3: measurements,eat_nonce_3: bitstring) = pat_claims_3 in
            {825}let cdata_3: bitstring = (StrongHash,pat_claims_3) in
            {826}if (verify(pubAK_4,(dev_status_3,cdata_3),pat_sig_1) = true) then
            {827}let (kat_claims_3: bitstring,kat_sig_3: bitstring) = kat_1 in
            {828}let eat_kat_profile(=pubTSK_4,=evidenceAttr_3,=eat_nonce_3) = kat_claims_3 in
            {829}if (verify(pubKAK_5,kat_claims_3,kat_sig_3) = true) then
            {830}if ((WID_1,dev_status_3,evidenceAttr_3,eat_nonce_3) = (ID_S_6,dev_statusRef_6,workloadAttr_4,sessionNonce_1)) then
            {831}event ClientAcceptsProvenance(cr_3,sr_1,evidenceAttr_3,pubKAK_5);
            {832}if (timingOption_1 = Intra) then
            (
                {833}event AttestationTimingWindow(timingOption_1);
                {834}in(io, CV(sg_5: bitstring));
                {835}if (verify(pubTSK_4,hash(shash_algo_1,log_CRT_3),sg_5) = true) then
                {836}event Accepted(cmw_1);
                {837}event Appraised(log_SH_3);
                {838}event AcceptedRdata(dev_status_3);
                {839}let log_CV_5: bitstring = (log_CRT_3,CV(sg_5)) in
                {840}in(io, FIN(m1_5: bitstring));
                {841}if (m1_5 = hmac(StrongHash,ksm_5,log_CV_5)) then
                {842}let log_SFIN_5: bitstring = (log_CV_5,FIN(m1_5)) in
                {843}let l_73: label = tls13_derived in
                {844}let m_17: bitstring = zero in
                {845}let c_73: bitstring = catch-fail(hash(StrongHash,m_17)) in
                {846}let v_124: bool = not-caught-fail(c_73) in
                {847}let salt2_5: bitstring = catch-fail((if v_124 then hmac(StrongHash,hs_5,(l_73,c_73)) else fail-any_type)) in
                {848}let v_125: bool = not-caught-fail(salt2_5) in
                {849}let ikm_7: bitstring = (if v_125 then zero else caught-fail) in
                {850}let ms_10: bitstring = (if v_125 then catch-fail(hmac(StrongHash,salt2_5,ikm_7)) else caught-fail) in
                {851}let v_126: bool = not-caught-fail(ms_10) in
                {852}let l_74: label = (if v_126 then tls13_client_application_traffic_secret else caught-fail) in
                {853}let c_74: bitstring = (if v_126 then catch-fail(hash(StrongHash,log_SFIN_5)) else caught-fail) in
                {854}let v_127: bool = not-caught-fail(c_74) in
                {855}let atsc_5: bitstring = (if v_126 then catch-fail((if v_127 then hmac(StrongHash,ms_10,(l_74,c_74)) else fail-any_type)) else caught-fail) in
                {856}let v_128: bool = not-caught-fail(atsc_5) in
                {857}let l_75: label = (if v_128 then tls13_server_application_traffic_secret else caught-fail) in
                {858}let c_75: bitstring = (if v_128 then catch-fail(hash(StrongHash,log_SFIN_5)) else caught-fail) in
                {859}let v_129: bool = not-caught-fail(c_75) in
                {860}let atss_5: bitstring = (if v_128 then catch-fail((if v_129 then hmac(StrongHash,ms_10,(l_75,c_75)) else fail-any_type)) else caught-fail) in
                {861}let v_130: bool = not-caught-fail(atss_5) in
                {862}let l_76: label = (if v_130 then tls13_key else caught-fail) in
                {863}let c_76: bitstring = (if v_130 then zero else caught-fail) in
                {864}let kc_10: bitstring = (if v_130 then catch-fail(hmac(StrongHash,atsc_5,(l_76,c_76))) else caught-fail) in
                {865}let v_131: bool = not-caught-fail(kc_10) in
                {866}let l_77: label = (if v_131 then tls13_key else caught-fail) in
                {867}let c_77: bitstring = (if v_131 then zero else caught-fail) in
                {868}let ks_10: bitstring = (if v_131 then catch-fail(hmac(StrongHash,atss_5,(l_77,c_77))) else caught-fail) in
                {869}let v_132: bool = not-caught-fail(ks_10) in
                {870}let l_78: label = (if v_132 then tls13_exporter_master_secret else caught-fail) in
                {871}let c_78: bitstring = (if v_132 then catch-fail(hash(StrongHash,log_SFIN_5)) else caught-fail) in
                {872}let v_133: bool = not-caught-fail(c_78) in
                {873}let ems_10: bitstring = (if v_132 then catch-fail((if v_133 then hmac(StrongHash,ms_10,(l_78,c_78)) else fail-any_type)) else caught-fail) in
                {874}let v_134: bool = not-caught-fail(ems_10) in
                {875}let (ms_11: bitstring,kc_11: ae_key,ks_11: ae_key,ems_11: bitstring) = (if v_125 then (if v_126 then (if v_128 then (if v_130 then (if v_131 then (if v_132 then (if v_134 then (ms_10,b2ae(kc_10),b2ae(ks_10),ems_10) else fail-any_type) else fail-any_type) else fail-any_type) else fail-any_type) else fail-any_type) else fail-any_type) else fail-any_type) in
                {876}let m2_5: bitstring = hmac(StrongHash,kcm_5,log_SFIN_5) in
                {877}let log_CFIN_5: bitstring = (log_SFIN_5,FIN(m2_5)) in
                {878}let l_79: label = tls13_resumption_master_secret in
                {879}let c_79: bitstring = catch-fail(hash(StrongHash,log_CFIN_5)) in
                {880}let v_135: bool = not-caught-fail(c_79) in
                {881}let rms_5: bitstring = (if v_135 then hmac(StrongHash,ms_11,(l_79,c_79)) else fail-any_type) in
                {882}event ClientFin1WayAgr(ID_S_6,pubTSK_4,psk_1,offer_1,mode_1,kc_11,ks_11,ems_11,rms_5);
                {883}event ClientFinRecentAgr(ID_S_6,ID_C_2,pubTSK_4,psk_1,offer_1,mode_1,kc_11,ks_11,ems_11,rms_5,cr_3,sr_1);
                {884}event ClientConn(cmw_1);
                {885}event ClientComp(ID_S_6,psk_1,offer_1,mode_1,kc_11,ks_11,ems_11,rms_5,cr_3,sr_1,pubTSK_4,dev_statusRef_6);
                {886}event ClientRANew(NULL_ID,NULL_pubkey,pubAK_4,pubKAK_5,pubTSK_4,pubRVP,dev_statusRef_6,cmw_1);
                {887}event ClientID(ID_S_6,kem_ss_1);
                {888}event ClientStateEvKc(cmw_1,kc_11);
                {889}event ClientStateEvKch(cmw_1,kch_3);
                {890}event ClientStateEv(cmw_1,kem_ss_1);
                {891}event ClientFinished(pubTSK_4,psk_1,cr_3,sr_1,offer_1,mode_1,kc_11,ks_11,ems_11,rms_5);
                {892}out(io, FIN(m2_5));
                {893}in(io, app_msg_enc_6: bitstring);
                {894}let app_msg_s_6: bitstring = ph_read(app_msg_enc_6,ks_11) in
                {895}let req_ctx_9: bitstring = cr_3 in
                {896}event ClientReceivesAppData(ID_S_6,pubTSK_4,pubKAK_5,cr_3,sr_1,req_ctx_9,ems_11,ks_11,kc_11,dev_statusRef_6,app_msg_s_6)
            )
            else
                {897}if (timingOption_1 = Post) then
                {898}event AttestationTimingWindow(timingOption_1);
                {899}let l_80: label = ea_server_hs_context in
                {900}let context_value_6: bitstring = zero in
                {901}let m_18: bitstring = zero in
                {902}let c_80: bitstring = catch-fail(hash(StrongHash,m_18)) in
                {903}let v_136: bool = not-caught-fail(c_80) in
                {904}let s_8: bitstring = catch-fail((if v_136 then hmac(StrongHash,ems_7,(l_80,c_80)) else fail-any_type)) in
                {905}let v_137: bool = not-caught-fail(s_8) in
                {906}let l_81: label = (if v_137 then exporter_label else caught-fail) in
                {907}let c_81: bitstring = (if v_137 then catch-fail(hash(StrongHash,context_value_6)) else caught-fail) in
                {908}let v_138: bool = not-caught-fail(c_81) in
                {909}let ea_hs_ctx_3: bitstring = (if v_137 then (if v_138 then hmac(StrongHash,s_8,(l_81,c_81)) else fail-any_type) else fail-any_type) in
                {910}let log_EA_CRT_3: bitstring = (ea_hs_ctx_3,req_msg_1,CRT(ea_cert_1)) in
                {911}if (verify(pubTSK_4,hash(shash_algo_1,(ea_cv_context,log_EA_CRT_3)),ea_sg_1) = true) then
                {912}event Accepted(cmw_1);
                {913}event Appraised(log_EA_CRT_3);
                {914}event AcceptedRdata(dev_status_3);
                {915}let log_EA_CV_3: bitstring = (log_EA_CRT_3,CV(ea_sg_1)) in
                {916}let l_82: label = ea_server_fin_key in
                {917}let context_value_7: bitstring = zero in
                {918}let m_19: bitstring = zero in
                {919}let c_82: bitstring = catch-fail(hash(StrongHash,m_19)) in
                {920}let v_139: bool = not-caught-fail(c_82) in
                {921}let s_9: bitstring = catch-fail((if v_139 then hmac(StrongHash,ems_7,(l_82,c_82)) else fail-any_type)) in
                {922}let v_140: bool = not-caught-fail(s_9) in
                {923}let l_83: label = (if v_140 then exporter_label else caught-fail) in
                {924}let c_83: bitstring = (if v_140 then catch-fail(hash(StrongHash,context_value_7)) else caught-fail) in
                {925}let v_141: bool = not-caught-fail(c_83) in
                {926}let ea_fin_3: bitstring = (if v_140 then (if v_141 then hmac(StrongHash,s_9,(l_83,c_83)) else fail-any_type) else fail-any_type) in
                {927}if (ea_mac_1 = hmac(StrongHash,ea_fin_3,log_EA_CV_3)) then
                {928}event ClientConn(cmw_1);
                {929}event ClientComp(ID_S_6,psk_1,offer_1,mode_1,kc_7,ks_7,ems_7,rms_3,cr_3,sr_1,pubTSK_4,dev_status_3);
                {930}event ClientRANew(NULL_ID,NULL_pubkey,pubAK_4,pubKAK_5,pubTSK_4,pubRVP,dev_status_3,cmw_1);
                {931}event ClientID(ID_S_6,kem_ss_1);
                {932}event ClientStateEvKc(cmw_1,kc_7);
                {933}event ClientStateEvKch(cmw_1,kch_3);
                {934}event ClientStateEv(cmw_1,kem_ss_1);
                {935}in(io, app_msg_enc_7: bitstring);
                {936}let app_msg_s_7: bitstring = ph_read(app_msg_enc_7,ks_7) in
                {937}event ClientReceivesAppData(ID_S_6,pubTSK_4,pubKAK_5,cr_3,sr_1,req_ctx_7,ems_7,ks_7,kc_7,dev_status_3,app_msg_s_7)
) | (
    {938}!
    {939}if (idOption = OptionA) then
    (
        {940}in(io, workloadRef: measurements);
        {1146}get agent_keys(ignored_v_9: identity,ignored_v_10: measurements,privTSK_3: privkey,pubTSK_5: pubkey,ignored_v_11: privkey,ignored_v_12: pubkey,ignored_v_13: privkey,ignored_v_14: pubkey) in
        {1145}get agent_keys(ignored_v_15: identity,ignored_v_16: measurements,=privTSK_3,ignored_v_17: pubkey,ignored_v_18: privkey,ignored_v_19: pubkey,privKAK_2: privkey,pubKAK_6: pubkey) in
        {941}let ID_S_7: identity = dev2id(workloadRef) in
        {942}let selfsign: bitstring = ((ID_S_7,pubTSK_5),Nil) in
        {943}!
        {944}in(io, ch_2: msg);
        {945}let CH(cr_4: random,offer_2: params,sni: identity) = ch_2 in
        {946}let nego(=aTLS,MLKEM_13_C(ka_2: kem_alg,ek_4: kem_pub),xhash_algo: hash_alg,xev_type: ev_typ) = offer_2 in
        {947}let psk_2: preSharedKey = NoPSK in
        {948}let salt_2: bitstring = zero in
        {949}let ikm_8: bitstring = catch-fail(psk2b(psk_2)) in
        {950}let v_142: bool = not-caught-fail(ikm_8) in
        {951}let es_4: bitstring = catch-fail((if v_142 then hmac(StrongHash,salt_2,ikm_8) else fail-any_type)) in
        {952}let v_143: bool = not-caught-fail(es_4) in
        {953}let l_84: label = (if v_143 then tls13_resumption_psk_binder_key else caught-fail) in
        {954}let m_20: bitstring = (if v_143 then zero else caught-fail) in
        {955}let c_84: bitstring = (if v_143 then catch-fail(hash(StrongHash,m_20)) else caught-fail) in
        {956}let v_144: bool = not-caught-fail(c_84) in
        {957}let kb_4: bitstring = (if v_143 then catch-fail((if v_144 then hmac(StrongHash,es_4,(l_84,c_84)) else fail-any_type)) else caught-fail) in
        {958}let v_145: bool = not-caught-fail(kb_4) in
        {959}let l_85: label = (if v_145 then tls13_client_early_traffic_secret else caught-fail) in
        {960}let c_85: bitstring = (if v_145 then catch-fail(hash(StrongHash,ch_2)) else caught-fail) in
        {961}let v_146: bool = not-caught-fail(c_85) in
        {962}let atsc0_2: bitstring = (if v_145 then catch-fail((if v_146 then hmac(StrongHash,es_4,(l_85,c_85)) else fail-any_type)) else caught-fail) in
        {963}let v_147: bool = not-caught-fail(atsc0_2) in
        {964}let l_86: label = (if v_147 then tls13_key else caught-fail) in
        {965}let c_86: bitstring = (if v_147 then zero else caught-fail) in
        {966}let kc0_4: bitstring = (if v_147 then catch-fail(hmac(StrongHash,atsc0_2,(l_86,c_86))) else caught-fail) in
        {967}let v_148: bool = not-caught-fail(kc0_4) in
        {968}let l_87: label = (if v_148 then tls13_early_exporter_master_secret else caught-fail) in
        {969}let c_87: bitstring = (if v_148 then catch-fail(hash(StrongHash,ch_2)) else caught-fail) in
        {970}let v_149: bool = not-caught-fail(c_87) in
        {971}let ems0_4: bitstring = (if v_148 then catch-fail((if v_149 then hmac(StrongHash,es_4,(l_87,c_87)) else fail-any_type)) else caught-fail) in
        {972}let v_150: bool = not-caught-fail(ems0_4) in
        {973}let (es_5: bitstring,kb_5: mac_key,kc0_5: ae_key,ems0_5: bitstring) = (if v_143 then (if v_145 then (if v_147 then (if v_148 then (if v_150 then (es_4,kb_4,b2ae(kc0_4),ems0_4) else fail-any_type) else fail-any_type) else fail-any_type) else fail-any_type) else fail-any_type) in
        {974}new sr_2: random;
        {975}in(io, smode: params);
        {976}let nego(=aTLS,MLKEM_13_S(=ka_2,eee_2: kem_ct),hash_algo_2: hash_alg,ev_type_2: ev_typ) = smode in
        {977}new ss_kem: bitstring;
        {978}let ciph_2: kem_ct = kem_encap(ka_2,ek_4,ss_kem) in
        {979}let mode_2: params = nego(aTLS,MLKEM_13_S(ka_2,ciph_2),hash_algo_2,ev_type_2) in
        {980}out(io, SH(sr_2,mode_2));
        {981}let log_SH_4: bitstring = (ch_2,SH(sr_2,mode_2)) in
        {982}event ServerChoosesKEX(cr_4,sr_2,MLKEM_13_S(ka_2,ciph_2));
        {983}event ServerChoosesHash(cr_4,sr_2,hash_algo_2);
        {984}event ServerChoosesATLS(cr_4,sr_2,aTLS);
        {985}event ServerChoosesEvType(cr_4,sr_2,ev_type_2);
        {986}let kem_ss_2: bitstring = ss_kem in
        {987}let l_88: label = tls13_derived in
        {988}let m_21: bitstring = zero in
        {989}let c_88: bitstring = catch-fail(hash(StrongHash,m_21)) in
        {990}let v_151: bool = not-caught-fail(c_88) in
        {991}let salt1_2: bitstring = catch-fail((if v_151 then hmac(StrongHash,es_5,(l_88,c_88)) else fail-any_type)) in
        {992}let v_152: bool = not-caught-fail(salt1_2) in
        {993}let hs_6: bitstring = (if v_152 then catch-fail(hmac(StrongHash,salt1_2,kem_ss_2)) else caught-fail) in
        {994}let v_153: bool = not-caught-fail(hs_6) in
        {995}let l_89: label = (if v_153 then tls13_client_handshake_traffic_secret else caught-fail) in
        {996}let c_89: bitstring = (if v_153 then catch-fail(hash(StrongHash,log_SH_4)) else caught-fail) in
        {997}let v_154: bool = not-caught-fail(c_89) in
        {998}let htsc_2: bitstring = (if v_153 then catch-fail((if v_154 then hmac(StrongHash,hs_6,(l_89,c_89)) else fail-any_type)) else caught-fail) in
        {999}let v_155: bool = not-caught-fail(htsc_2) in
        {1000}let l_90: label = (if v_155 then tls13_server_handshake_traffic_secret else caught-fail) in
        {1001}let c_90: bitstring = (if v_155 then catch-fail(hash(StrongHash,log_SH_4)) else caught-fail) in
        {1002}let v_156: bool = not-caught-fail(c_90) in
        {1003}let htss_2: bitstring = (if v_155 then catch-fail((if v_156 then hmac(StrongHash,hs_6,(l_90,c_90)) else fail-any_type)) else caught-fail) in
        {1004}let v_157: bool = not-caught-fail(htss_2) in
        {1005}let l_91: label = (if v_157 then tls13_key else caught-fail) in
        {1006}let c_91: bitstring = (if v_157 then zero else caught-fail) in
        {1007}let kch_4: bitstring = (if v_157 then catch-fail(hmac(StrongHash,htsc_2,(l_91,c_91))) else caught-fail) in
        {1008}let v_158: bool = not-caught-fail(kch_4) in
        {1009}let l_92: label = (if v_158 then tls13_key else caught-fail) in
        {1010}let c_92: bitstring = (if v_158 then zero else caught-fail) in
        {1011}let ksh_4: bitstring = (if v_158 then catch-fail(hmac(StrongHash,htss_2,(l_92,c_92))) else caught-fail) in
        {1012}let v_159: bool = not-caught-fail(ksh_4) in
        {1013}let l_93: label = (if v_159 then tls13_finished else caught-fail) in
        {1014}let c_93: bitstring = (if v_159 then zero else caught-fail) in
        {1015}let kcm_6: bitstring = (if v_159 then catch-fail(hmac(StrongHash,htsc_2,(l_93,c_93))) else caught-fail) in
        {1016}let v_160: bool = not-caught-fail(kcm_6) in
        {1017}let l_94: label = (if v_160 then tls13_finished else caught-fail) in
        {1018}let c_94: bitstring = (if v_160 then zero else caught-fail) in
        {1019}let ksm_6: bitstring = (if v_160 then catch-fail(hmac(StrongHash,htss_2,(l_94,c_94))) else caught-fail) in
        {1020}let v_161: bool = not-caught-fail(ksm_6) in
        {1021}let (hs_7: bitstring,kch_5: ae_key,ksh_5: ae_key,kcm_7: mac_key,ksm_7: mac_key) = (if v_152 then (if v_153 then (if v_155 then (if v_157 then (if v_158 then (if v_159 then (if v_160 then (if v_161 then (hs_6,b2ae(kch_4),b2ae(ksh_4),kcm_6,ksm_6) else fail-any_type) else fail-any_type) else fail-any_type) else fail-any_type) else fail-any_type) else fail-any_type) else fail-any_type) else fail-any_type) in
        {1022}out(io, (kch_5,ksh_5));
        {1023}event AttackerControlsHSK(kch_5,ksh_5);
        {1024}let pubTSK_6: pubkey = pk(privTSK_3) in
        {1025}event ServerID(ID_S_7,kem_ss_2);
        {1026}out(io, CRT(selfsign));
        {1027}let log_CRT_4: bitstring = (log_SH_4,CRT(selfsign)) in
        {1028}let sg_6: bitstring = sign(privTSK_3,hash(hash_algo_2,log_CRT_4)) in
        {1029}out(io, CV(sg_6));
        {1030}let log_CV_6: bitstring = (log_CRT_4,CV(sg_6)) in
        {1031}let m1_6: bitstring = hmac(StrongHash,ksm_7,log_CV_6) in
        {1032}let log_SFIN_6: bitstring = (log_CV_6,FIN(m1_6)) in
        {1033}let l_95: label = tls13_derived in
        {1034}let m_22: bitstring = zero in
        {1035}let c_95: bitstring = catch-fail(hash(StrongHash,m_22)) in
        {1036}let v_162: bool = not-caught-fail(c_95) in
        {1037}let salt2_6: bitstring = catch-fail((if v_162 then hmac(StrongHash,hs_7,(l_95,c_95)) else fail-any_type)) in
        {1038}let v_163: bool = not-caught-fail(salt2_6) in
        {1039}let ikm_9: bitstring = (if v_163 then zero else caught-fail) in
        {1040}let ms_12: bitstring = (if v_163 then catch-fail(hmac(StrongHash,salt2_6,ikm_9)) else caught-fail) in
        {1041}let v_164: bool = not-caught-fail(ms_12) in
        {1042}let l_96: label = (if v_164 then tls13_client_application_traffic_secret else caught-fail) in
        {1043}let c_96: bitstring = (if v_164 then catch-fail(hash(StrongHash,log_SFIN_6)) else caught-fail) in
        {1044}let v_165: bool = not-caught-fail(c_96) in
        {1045}let atsc_6: bitstring = (if v_164 then catch-fail((if v_165 then hmac(StrongHash,ms_12,(l_96,c_96)) else fail-any_type)) else caught-fail) in
        {1046}let v_166: bool = not-caught-fail(atsc_6) in
        {1047}let l_97: label = (if v_166 then tls13_server_application_traffic_secret else caught-fail) in
        {1048}let c_97: bitstring = (if v_166 then catch-fail(hash(StrongHash,log_SFIN_6)) else caught-fail) in
        {1049}let v_167: bool = not-caught-fail(c_97) in
        {1050}let atss_6: bitstring = (if v_166 then catch-fail((if v_167 then hmac(StrongHash,ms_12,(l_97,c_97)) else fail-any_type)) else caught-fail) in
        {1051}let v_168: bool = not-caught-fail(atss_6) in
        {1052}let l_98: label = (if v_168 then tls13_key else caught-fail) in
        {1053}let c_98: bitstring = (if v_168 then zero else caught-fail) in
        {1054}let kc_12: bitstring = (if v_168 then catch-fail(hmac(StrongHash,atsc_6,(l_98,c_98))) else caught-fail) in
        {1055}let v_169: bool = not-caught-fail(kc_12) in
        {1056}let l_99: label = (if v_169 then tls13_key else caught-fail) in
        {1057}let c_99: bitstring = (if v_169 then zero else caught-fail) in
        {1058}let ks_12: bitstring = (if v_169 then catch-fail(hmac(StrongHash,atss_6,(l_99,c_99))) else caught-fail) in
        {1059}let v_170: bool = not-caught-fail(ks_12) in
        {1060}let l_100: label = (if v_170 then tls13_exporter_master_secret else caught-fail) in
        {1061}let c_100: bitstring = (if v_170 then catch-fail(hash(StrongHash,log_SFIN_6)) else caught-fail) in
        {1062}let v_171: bool = not-caught-fail(c_100) in
        {1063}let ems_12: bitstring = (if v_170 then catch-fail((if v_171 then hmac(StrongHash,ms_12,(l_100,c_100)) else fail-any_type)) else caught-fail) in
        {1064}let v_172: bool = not-caught-fail(ems_12) in
        {1065}let (ms_13: bitstring,kc_13: ae_key,ks_13: ae_key,ems_13: bitstring) = (if v_163 then (if v_164 then (if v_166 then (if v_168 then (if v_169 then (if v_170 then (if v_172 then (ms_12,b2ae(kc_12),b2ae(ks_12),ems_12) else fail-any_type) else fail-any_type) else fail-any_type) else fail-any_type) else fail-any_type) else fail-any_type) else fail-any_type) in
        {1066}out(io, FIN(m1_6));
        {1067}in(io, FIN(m2_6: bitstring));
        {1068}if (m2_6 = hmac(StrongHash,kcm_7,log_SFIN_6)) then
        {1069}let log_CFIN_6: bitstring = (log_SFIN_6,FIN(m2_6)) in
        {1070}let l_101: label = tls13_resumption_master_secret in
        {1071}let c_101: bitstring = catch-fail(hash(StrongHash,log_CFIN_6)) in
        {1072}let v_173: bool = not-caught-fail(c_101) in
        {1073}let rms_6: bitstring = (if v_173 then hmac(StrongHash,ms_13,(l_101,c_101)) else fail-any_type) in
        {1074}event ServerFinished(cr_4,sr_2,psk_2,pubTSK_6,offer_2,mode_2,kc_13,ks_13,ems_13,rms_6);
        {1075}let sr_3: random = sr_2 in
        {1076}in(io, req_frame: bitstring);
        {1077}let AuthFrame(=ALTA_magic,=auth_request,req_msg_2: msg) = req_frame in
        {1078}let AuthenticatorRequest(req_ctx_10: bitstring) = req_msg_2 in
        {1079}let pubTSK_7: pubkey = pk(privTSK_3) in
        {1080}let pubKAK_7: pubkey = pk(privKAK_2) in
        {1081}let l_102: label = expat_attestation in
        {1082}let m_23: bitstring = zero in
        {1083}let c_102: bitstring = catch-fail(hash(StrongHash,m_23)) in
        {1084}let v_174: bool = not-caught-fail(c_102) in
        {1085}let s_10: bitstring = catch-fail((if v_174 then hmac(StrongHash,ems_13,(l_102,c_102)) else fail-any_type)) in
        {1086}let v_175: bool = not-caught-fail(s_10) in
        {1087}let l_103: label = (if v_175 then exporter_label else caught-fail) in
        {1088}let c_103: bitstring = (if v_175 then catch-fail(hash(StrongHash,req_ctx_10)) else caught-fail) in
        {1089}let v_176: bool = not-caught-fail(c_103) in
        {1090}let exported_val_2: bitstring = (if v_175 then (if v_176 then hmac(StrongHash,s_10,(l_103,c_103)) else fail-any_type) else fail-any_type) in
        {1091}let eat_nonce_4: bitstring = hash(StrongHash,(exported_val_2,pubTSK_7)) in
        {1092}new ev_return: channel;
        (
            {1093}let return_chan: channel = ev_return in
            {1094}let pubKAK_8: pubkey = pk(privKAK_2) in
            {1095}let runtime_attr: attribute = meas2attr(workloadRef) in
            {1096}let pat_claims_4: bitstring = eat_pat_profile(pubKAK_8,runtime_attr,workloadRef,eat_nonce_4) in
            {1097}let cdata_4: bitstring = (StrongHash,pat_claims_4) in
            {1098}out(io, (workloadRef,cdata_4));
            {1099}in(io, dataSign: bitstring);
            {1100}let (signed_claims: bitstring,pat_sig_2: bitstring) = dataSign in
            {1101}let eat_pat_profile(=pubKAK_8,evidence_attr: attribute,=workloadRef,=eat_nonce_4) = signed_claims in
            {1102}let pat_2: bitstring = (signed_claims,pat_sig_2) in
            {1103}let kat_claims_4: bitstring = eat_kat_profile(pubTSK_7,evidence_attr,eat_nonce_4) in
            {1104}let kat_2: bitstring = (kat_claims_4,sign(privKAK_2,kat_claims_4)) in
            {1105}event ServerAssertsProvenance(cr_4,sr_3,evidence_attr);
            {1106}let cmw_2: bitstring = (pat_2,kat_2) in
            {1107}out(return_chan, cmw_2)
        ) | (
            {1108}in(ev_return, cmw_3: bitstring);
            {1109}let ea_cert_2: bitstring = (cmw_3,selfsign) in
            {1110}let l_104: label = ea_server_hs_context in
            {1111}let context_value_8: bitstring = zero in
            {1112}let m_24: bitstring = zero in
            {1113}let c_104: bitstring = catch-fail(hash(StrongHash,m_24)) in
            {1114}let v_177: bool = not-caught-fail(c_104) in
            {1115}let s_11: bitstring = catch-fail((if v_177 then hmac(StrongHash,ems_13,(l_104,c_104)) else fail-any_type)) in
            {1116}let v_178: bool = not-caught-fail(s_11) in
            {1117}let l_105: label = (if v_178 then exporter_label else caught-fail) in
            {1118}let c_105: bitstring = (if v_178 then catch-fail(hash(StrongHash,context_value_8)) else caught-fail) in
            {1119}let v_179: bool = not-caught-fail(c_105) in
            {1120}let ea_hs_ctx_4: bitstring = (if v_178 then (if v_179 then hmac(StrongHash,s_11,(l_105,c_105)) else fail-any_type) else fail-any_type) in
            {1121}let log_EA_CRT_4: bitstring = (ea_hs_ctx_4,req_msg_2,CRT(ea_cert_2)) in
            {1122}let ea_sg_2: bitstring = sign(privTSK_3,hash(hash_algo_2,(ea_cv_context,log_EA_CRT_4))) in
            {1123}let log_EA_CV_4: bitstring = (log_EA_CRT_4,CV(ea_sg_2)) in
            {1124}let l_106: label = ea_server_fin_key in
            {1125}let context_value_9: bitstring = zero in
            {1126}let m_25: bitstring = zero in
            {1127}let c_106: bitstring = catch-fail(hash(StrongHash,m_25)) in
            {1128}let v_180: bool = not-caught-fail(c_106) in
            {1129}let s_12: bitstring = catch-fail((if v_180 then hmac(StrongHash,ems_13,(l_106,c_106)) else fail-any_type)) in
            {1130}let v_181: bool = not-caught-fail(s_12) in
            {1131}let l_107: label = (if v_181 then exporter_label else caught-fail) in
            {1132}let c_107: bitstring = (if v_181 then catch-fail(hash(StrongHash,context_value_9)) else caught-fail) in
            {1133}let v_182: bool = not-caught-fail(c_107) in
            {1134}let ea_fin_4: bitstring = (if v_181 then (if v_182 then hmac(StrongHash,s_12,(l_107,c_107)) else fail-any_type) else fail-any_type) in
            {1135}let ea_mac_2: bitstring = hmac(StrongHash,ea_fin_4,log_EA_CV_4) in
            {1136}event PreServerComp(ID_S_7,psk_2,offer_2,mode_2,kc_13,ks_13,ems_13,cr_4,sr_3,pubTSK_7,workloadRef);
            {1137}event ServerStateEvKc(cmw_3,kc_13);
            {1138}event ServerStateEvKch(cmw_3,kch_5);
            {1139}event ServerStateEv(cmw_3,kem_ss_2);
            {1140}let ea_bundle_2: msg = AuthenticatorResponse(CRT(ea_cert_2),CV(ea_sg_2),FIN(ea_mac_2)) in
            {1141}out(io, AuthFrame(ALTA_magic,authenticator,ea_bundle_2));
            {1142}new app_msg: bitstring;
            {1143}event ServerSendsAppData(ID_S_7,pubTSK_7,pubKAK_7,cr_4,sr_3,req_ctx_10,ems_13,ks_13,kc_13,workloadRef,app_msg);
            {1144}out(io, ph_msg(app_msg,ks_13))
        )
    )
    else
        {1147}if (idOption = OptionB) then
        {1148}in(io, (server_cert_4: bitstring,workloadRef_1: measurements));
        {1149}let (id_pub_pair_7: bitstring,sig1_5: bitstring) = server_cert_4 in
        {1150}let (SAN: identity,pubTSK_8: pubkey) = id_pub_pair_7 in
        {1354}get agent_keys(UEID_3: identity,ignored_v_20: measurements,privTSK_4: privkey,ignored_v_21: pubkey,ignored_v_22: privkey,ignored_v_23: pubkey,ignored_v_24: privkey,ignored_v_25: pubkey) in
        {1353}get agent_keys(=UEID_3,ignored_v_26: measurements,ignored_v_27: privkey,ignored_v_28: pubkey,ignored_v_29: privkey,ignored_v_30: pubkey,privKAK_3: privkey,pubKAK_9: pubkey) in
        {1151}!
        {1152}in(io, ch_3: msg);
        {1153}let CH(cr_5: random,offer_3: params,sni_1: identity) = ch_3 in
        {1154}let nego(=aTLS,MLKEM_13_C(ka_3: kem_alg,ek_5: kem_pub),xhash_algo_1: hash_alg,xev_type_1: ev_typ) = offer_3 in
        {1155}let psk_3: preSharedKey = NoPSK in
        {1156}let salt_3: bitstring = zero in
        {1157}let ikm_10: bitstring = catch-fail(psk2b(psk_3)) in
        {1158}let v_183: bool = not-caught-fail(ikm_10) in
        {1159}let es_6: bitstring = catch-fail((if v_183 then hmac(StrongHash,salt_3,ikm_10) else fail-any_type)) in
        {1160}let v_184: bool = not-caught-fail(es_6) in
        {1161}let l_108: label = (if v_184 then tls13_resumption_psk_binder_key else caught-fail) in
        {1162}let m_26: bitstring = (if v_184 then zero else caught-fail) in
        {1163}let c_108: bitstring = (if v_184 then catch-fail(hash(StrongHash,m_26)) else caught-fail) in
        {1164}let v_185: bool = not-caught-fail(c_108) in
        {1165}let kb_6: bitstring = (if v_184 then catch-fail((if v_185 then hmac(StrongHash,es_6,(l_108,c_108)) else fail-any_type)) else caught-fail) in
        {1166}let v_186: bool = not-caught-fail(kb_6) in
        {1167}let l_109: label = (if v_186 then tls13_client_early_traffic_secret else caught-fail) in
        {1168}let c_109: bitstring = (if v_186 then catch-fail(hash(StrongHash,ch_3)) else caught-fail) in
        {1169}let v_187: bool = not-caught-fail(c_109) in
        {1170}let atsc0_3: bitstring = (if v_186 then catch-fail((if v_187 then hmac(StrongHash,es_6,(l_109,c_109)) else fail-any_type)) else caught-fail) in
        {1171}let v_188: bool = not-caught-fail(atsc0_3) in
        {1172}let l_110: label = (if v_188 then tls13_key else caught-fail) in
        {1173}let c_110: bitstring = (if v_188 then zero else caught-fail) in
        {1174}let kc0_6: bitstring = (if v_188 then catch-fail(hmac(StrongHash,atsc0_3,(l_110,c_110))) else caught-fail) in
        {1175}let v_189: bool = not-caught-fail(kc0_6) in
        {1176}let l_111: label = (if v_189 then tls13_early_exporter_master_secret else caught-fail) in
        {1177}let c_111: bitstring = (if v_189 then catch-fail(hash(StrongHash,ch_3)) else caught-fail) in
        {1178}let v_190: bool = not-caught-fail(c_111) in
        {1179}let ems0_6: bitstring = (if v_189 then catch-fail((if v_190 then hmac(StrongHash,es_6,(l_111,c_111)) else fail-any_type)) else caught-fail) in
        {1180}let v_191: bool = not-caught-fail(ems0_6) in
        {1181}let (es_7: bitstring,kb_7: mac_key,kc0_7: ae_key,ems0_7: bitstring) = (if v_184 then (if v_186 then (if v_188 then (if v_189 then (if v_191 then (es_6,kb_6,b2ae(kc0_6),ems0_6) else fail-any_type) else fail-any_type) else fail-any_type) else fail-any_type) else fail-any_type) in
        {1182}new sr_4: random;
        {1183}in(io, smode_1: params);
        {1184}let nego(=aTLS,MLKEM_13_S(=ka_3,eee_3: kem_ct),hash_algo_3: hash_alg,ev_type_3: ev_typ) = smode_1 in
        {1185}new ss_kem_1: bitstring;
        {1186}let ciph_3: kem_ct = kem_encap(ka_3,ek_5,ss_kem_1) in
        {1187}let mode_3: params = nego(aTLS,MLKEM_13_S(ka_3,ciph_3),hash_algo_3,ev_type_3) in
        {1188}out(io, SH(sr_4,mode_3));
        {1189}let log_SH_5: bitstring = (ch_3,SH(sr_4,mode_3)) in
        {1190}event ServerChoosesKEX(cr_5,sr_4,MLKEM_13_S(ka_3,ciph_3));
        {1191}event ServerChoosesHash(cr_5,sr_4,hash_algo_3);
        {1192}event ServerChoosesATLS(cr_5,sr_4,aTLS);
        {1193}event ServerChoosesEvType(cr_5,sr_4,ev_type_3);
        {1194}let kem_ss_3: bitstring = ss_kem_1 in
        {1195}let l_112: label = tls13_derived in
        {1196}let m_27: bitstring = zero in
        {1197}let c_112: bitstring = catch-fail(hash(StrongHash,m_27)) in
        {1198}let v_192: bool = not-caught-fail(c_112) in
        {1199}let salt1_3: bitstring = catch-fail((if v_192 then hmac(StrongHash,es_7,(l_112,c_112)) else fail-any_type)) in
        {1200}let v_193: bool = not-caught-fail(salt1_3) in
        {1201}let hs_8: bitstring = (if v_193 then catch-fail(hmac(StrongHash,salt1_3,kem_ss_3)) else caught-fail) in
        {1202}let v_194: bool = not-caught-fail(hs_8) in
        {1203}let l_113: label = (if v_194 then tls13_client_handshake_traffic_secret else caught-fail) in
        {1204}let c_113: bitstring = (if v_194 then catch-fail(hash(StrongHash,log_SH_5)) else caught-fail) in
        {1205}let v_195: bool = not-caught-fail(c_113) in
        {1206}let htsc_3: bitstring = (if v_194 then catch-fail((if v_195 then hmac(StrongHash,hs_8,(l_113,c_113)) else fail-any_type)) else caught-fail) in
        {1207}let v_196: bool = not-caught-fail(htsc_3) in
        {1208}let l_114: label = (if v_196 then tls13_server_handshake_traffic_secret else caught-fail) in
        {1209}let c_114: bitstring = (if v_196 then catch-fail(hash(StrongHash,log_SH_5)) else caught-fail) in
        {1210}let v_197: bool = not-caught-fail(c_114) in
        {1211}let htss_3: bitstring = (if v_196 then catch-fail((if v_197 then hmac(StrongHash,hs_8,(l_114,c_114)) else fail-any_type)) else caught-fail) in
        {1212}let v_198: bool = not-caught-fail(htss_3) in
        {1213}let l_115: label = (if v_198 then tls13_key else caught-fail) in
        {1214}let c_115: bitstring = (if v_198 then zero else caught-fail) in
        {1215}let kch_6: bitstring = (if v_198 then catch-fail(hmac(StrongHash,htsc_3,(l_115,c_115))) else caught-fail) in
        {1216}let v_199: bool = not-caught-fail(kch_6) in
        {1217}let l_116: label = (if v_199 then tls13_key else caught-fail) in
        {1218}let c_116: bitstring = (if v_199 then zero else caught-fail) in
        {1219}let ksh_6: bitstring = (if v_199 then catch-fail(hmac(StrongHash,htss_3,(l_116,c_116))) else caught-fail) in
        {1220}let v_200: bool = not-caught-fail(ksh_6) in
        {1221}let l_117: label = (if v_200 then tls13_finished else caught-fail) in
        {1222}let c_117: bitstring = (if v_200 then zero else caught-fail) in
        {1223}let kcm_8: bitstring = (if v_200 then catch-fail(hmac(StrongHash,htsc_3,(l_117,c_117))) else caught-fail) in
        {1224}let v_201: bool = not-caught-fail(kcm_8) in
        {1225}let l_118: label = (if v_201 then tls13_finished else caught-fail) in
        {1226}let c_118: bitstring = (if v_201 then zero else caught-fail) in
        {1227}let ksm_8: bitstring = (if v_201 then catch-fail(hmac(StrongHash,htss_3,(l_118,c_118))) else caught-fail) in
        {1228}let v_202: bool = not-caught-fail(ksm_8) in
        {1229}let (hs_9: bitstring,kch_7: ae_key,ksh_7: ae_key,kcm_9: mac_key,ksm_9: mac_key) = (if v_193 then (if v_194 then (if v_196 then (if v_198 then (if v_199 then (if v_200 then (if v_201 then (if v_202 then (hs_8,b2ae(kch_6),b2ae(ksh_6),kcm_8,ksm_8) else fail-any_type) else fail-any_type) else fail-any_type) else fail-any_type) else fail-any_type) else fail-any_type) else fail-any_type) else fail-any_type) in
        {1230}out(io, (kch_7,ksh_7));
        {1231}event AttackerControlsHSK(kch_7,ksh_7);
        {1232}let pubTSK_9: pubkey = pk(privTSK_4) in
        {1233}event ServerID(SAN,kem_ss_3);
        {1234}out(io, CRT(server_cert_4));
        {1235}let log_CRT_5: bitstring = (log_SH_5,CRT(server_cert_4)) in
        {1236}let sg_7: bitstring = sign(privTSK_4,hash(hash_algo_3,log_CRT_5)) in
        {1237}out(io, CV(sg_7));
        {1238}let log_CV_7: bitstring = (log_CRT_5,CV(sg_7)) in
        {1239}let m1_7: bitstring = hmac(StrongHash,ksm_9,log_CV_7) in
        {1240}let log_SFIN_7: bitstring = (log_CV_7,FIN(m1_7)) in
        {1241}let l_119: label = tls13_derived in
        {1242}let m_28: bitstring = zero in
        {1243}let c_119: bitstring = catch-fail(hash(StrongHash,m_28)) in
        {1244}let v_203: bool = not-caught-fail(c_119) in
        {1245}let salt2_7: bitstring = catch-fail((if v_203 then hmac(StrongHash,hs_9,(l_119,c_119)) else fail-any_type)) in
        {1246}let v_204: bool = not-caught-fail(salt2_7) in
        {1247}let ikm_11: bitstring = (if v_204 then zero else caught-fail) in
        {1248}let ms_14: bitstring = (if v_204 then catch-fail(hmac(StrongHash,salt2_7,ikm_11)) else caught-fail) in
        {1249}let v_205: bool = not-caught-fail(ms_14) in
        {1250}let l_120: label = (if v_205 then tls13_client_application_traffic_secret else caught-fail) in
        {1251}let c_120: bitstring = (if v_205 then catch-fail(hash(StrongHash,log_SFIN_7)) else caught-fail) in
        {1252}let v_206: bool = not-caught-fail(c_120) in
        {1253}let atsc_7: bitstring = (if v_205 then catch-fail((if v_206 then hmac(StrongHash,ms_14,(l_120,c_120)) else fail-any_type)) else caught-fail) in
        {1254}let v_207: bool = not-caught-fail(atsc_7) in
        {1255}let l_121: label = (if v_207 then tls13_server_application_traffic_secret else caught-fail) in
        {1256}let c_121: bitstring = (if v_207 then catch-fail(hash(StrongHash,log_SFIN_7)) else caught-fail) in
        {1257}let v_208: bool = not-caught-fail(c_121) in
        {1258}let atss_7: bitstring = (if v_207 then catch-fail((if v_208 then hmac(StrongHash,ms_14,(l_121,c_121)) else fail-any_type)) else caught-fail) in
        {1259}let v_209: bool = not-caught-fail(atss_7) in
        {1260}let l_122: label = (if v_209 then tls13_key else caught-fail) in
        {1261}let c_122: bitstring = (if v_209 then zero else caught-fail) in
        {1262}let kc_14: bitstring = (if v_209 then catch-fail(hmac(StrongHash,atsc_7,(l_122,c_122))) else caught-fail) in
        {1263}let v_210: bool = not-caught-fail(kc_14) in
        {1264}let l_123: label = (if v_210 then tls13_key else caught-fail) in
        {1265}let c_123: bitstring = (if v_210 then zero else caught-fail) in
        {1266}let ks_14: bitstring = (if v_210 then catch-fail(hmac(StrongHash,atss_7,(l_123,c_123))) else caught-fail) in
        {1267}let v_211: bool = not-caught-fail(ks_14) in
        {1268}let l_124: label = (if v_211 then tls13_exporter_master_secret else caught-fail) in
        {1269}let c_124: bitstring = (if v_211 then catch-fail(hash(StrongHash,log_SFIN_7)) else caught-fail) in
        {1270}let v_212: bool = not-caught-fail(c_124) in
        {1271}let ems_14: bitstring = (if v_211 then catch-fail((if v_212 then hmac(StrongHash,ms_14,(l_124,c_124)) else fail-any_type)) else caught-fail) in
        {1272}let v_213: bool = not-caught-fail(ems_14) in
        {1273}let (ms_15: bitstring,kc_15: ae_key,ks_15: ae_key,ems_15: bitstring) = (if v_204 then (if v_205 then (if v_207 then (if v_209 then (if v_210 then (if v_211 then (if v_213 then (ms_14,b2ae(kc_14),b2ae(ks_14),ems_14) else fail-any_type) else fail-any_type) else fail-any_type) else fail-any_type) else fail-any_type) else fail-any_type) else fail-any_type) in
        {1274}out(io, FIN(m1_7));
        {1275}in(io, FIN(m2_7: bitstring));
        {1276}if (m2_7 = hmac(StrongHash,kcm_9,log_SFIN_7)) then
        {1277}let log_CFIN_7: bitstring = (log_SFIN_7,FIN(m2_7)) in
        {1278}let l_125: label = tls13_resumption_master_secret in
        {1279}let c_125: bitstring = catch-fail(hash(StrongHash,log_CFIN_7)) in
        {1280}let v_214: bool = not-caught-fail(c_125) in
        {1281}let rms_7: bitstring = (if v_214 then hmac(StrongHash,ms_15,(l_125,c_125)) else fail-any_type) in
        {1282}event ServerFinished(cr_5,sr_4,psk_3,pubTSK_9,offer_3,mode_3,kc_15,ks_15,ems_15,rms_7);
        {1283}let sr_5: random = sr_4 in
        {1284}in(io, req_frame_1: bitstring);
        {1285}let AuthFrame(=ALTA_magic,=auth_request,req_msg_3: msg) = req_frame_1 in
        {1286}let AuthenticatorRequest(req_ctx_11: bitstring) = req_msg_3 in
        {1287}let pubTSK_10: pubkey = pk(privTSK_4) in
        {1288}let pubKAK_10: pubkey = pk(privKAK_3) in
        {1289}let l_126: label = expat_attestation in
        {1290}let m_29: bitstring = zero in
        {1291}let c_126: bitstring = catch-fail(hash(StrongHash,m_29)) in
        {1292}let v_215: bool = not-caught-fail(c_126) in
        {1293}let s_13: bitstring = catch-fail((if v_215 then hmac(StrongHash,ems_15,(l_126,c_126)) else fail-any_type)) in
        {1294}let v_216: bool = not-caught-fail(s_13) in
        {1295}let l_127: label = (if v_216 then exporter_label else caught-fail) in
        {1296}let c_127: bitstring = (if v_216 then catch-fail(hash(StrongHash,req_ctx_11)) else caught-fail) in
        {1297}let v_217: bool = not-caught-fail(c_127) in
        {1298}let exported_val_3: bitstring = (if v_216 then (if v_217 then hmac(StrongHash,s_13,(l_127,c_127)) else fail-any_type) else fail-any_type) in
        {1299}let eat_nonce_5: bitstring = hash(StrongHash,(exported_val_3,pubTSK_10)) in
        {1300}new ev_return_1: channel;
        (
            {1301}let return_chan_1: channel = ev_return_1 in
            {1302}let pubKAK_11: pubkey = pk(privKAK_3) in
            {1303}let runtime_attr_1: attribute = meas2attr(workloadRef_1) in
            {1304}let pat_claims_5: bitstring = eat_pat_profile(pubKAK_11,runtime_attr_1,workloadRef_1,eat_nonce_5) in
            {1305}let cdata_5: bitstring = (StrongHash,pat_claims_5) in
            {1306}out(io, (workloadRef_1,cdata_5));
            {1307}in(io, dataSign_1: bitstring);
            {1308}let (signed_claims_1: bitstring,pat_sig_3: bitstring) = dataSign_1 in
            {1309}let eat_pat_profile(=pubKAK_11,evidence_attr_1: attribute,=workloadRef_1,=eat_nonce_5) = signed_claims_1 in
            {1310}let pat_3: bitstring = (signed_claims_1,pat_sig_3) in
            {1311}let kat_claims_5: bitstring = eat_kat_profile(pubTSK_10,evidence_attr_1,eat_nonce_5) in
            {1312}let kat_3: bitstring = (kat_claims_5,sign(privKAK_3,kat_claims_5)) in
            {1313}event ServerAssertsProvenance(cr_5,sr_5,evidence_attr_1);
            {1314}let cmw_4: bitstring = (pat_3,kat_3) in
            {1315}out(return_chan_1, cmw_4)
        ) | (
            {1316}in(ev_return_1, cmw_5: bitstring);
            {1317}let ea_cert_3: bitstring = (cmw_5,server_cert_4) in
            {1318}let l_128: label = ea_server_hs_context in
            {1319}let context_value_10: bitstring = zero in
            {1320}let m_30: bitstring = zero in
            {1321}let c_128: bitstring = catch-fail(hash(StrongHash,m_30)) in
            {1322}let v_218: bool = not-caught-fail(c_128) in
            {1323}let s_14: bitstring = catch-fail((if v_218 then hmac(StrongHash,ems_15,(l_128,c_128)) else fail-any_type)) in
            {1324}let v_219: bool = not-caught-fail(s_14) in
            {1325}let l_129: label = (if v_219 then exporter_label else caught-fail) in
            {1326}let c_129: bitstring = (if v_219 then catch-fail(hash(StrongHash,context_value_10)) else caught-fail) in
            {1327}let v_220: bool = not-caught-fail(c_129) in
            {1328}let ea_hs_ctx_5: bitstring = (if v_219 then (if v_220 then hmac(StrongHash,s_14,(l_129,c_129)) else fail-any_type) else fail-any_type) in
            {1329}let log_EA_CRT_5: bitstring = (ea_hs_ctx_5,req_msg_3,CRT(ea_cert_3)) in
            {1330}let ea_sg_3: bitstring = sign(privTSK_4,hash(hash_algo_3,(ea_cv_context,log_EA_CRT_5))) in
            {1331}let log_EA_CV_5: bitstring = (log_EA_CRT_5,CV(ea_sg_3)) in
            {1332}let l_130: label = ea_server_fin_key in
            {1333}let context_value_11: bitstring = zero in
            {1334}let m_31: bitstring = zero in
            {1335}let c_130: bitstring = catch-fail(hash(StrongHash,m_31)) in
            {1336}let v_221: bool = not-caught-fail(c_130) in
            {1337}let s_15: bitstring = catch-fail((if v_221 then hmac(StrongHash,ems_15,(l_130,c_130)) else fail-any_type)) in
            {1338}let v_222: bool = not-caught-fail(s_15) in
            {1339}let l_131: label = (if v_222 then exporter_label else caught-fail) in
            {1340}let c_131: bitstring = (if v_222 then catch-fail(hash(StrongHash,context_value_11)) else caught-fail) in
            {1341}let v_223: bool = not-caught-fail(c_131) in
            {1342}let ea_fin_5: bitstring = (if v_222 then (if v_223 then hmac(StrongHash,s_15,(l_131,c_131)) else fail-any_type) else fail-any_type) in
            {1343}let ea_mac_3: bitstring = hmac(StrongHash,ea_fin_5,log_EA_CV_5) in
            {1344}event PreServerComp(SAN,psk_3,offer_3,mode_3,kc_15,ks_15,ems_15,cr_5,sr_5,pubTSK_10,workloadRef_1);
            {1345}event ServerStateEvKc(cmw_5,kc_15);
            {1346}event ServerStateEvKch(cmw_5,kch_7);
            {1347}event ServerStateEv(cmw_5,kem_ss_3);
            {1348}let ea_bundle_3: msg = AuthenticatorResponse(CRT(ea_cert_3),CV(ea_sg_3),FIN(ea_mac_3)) in
            {1349}out(io, AuthFrame(ALTA_magic,authenticator,ea_bundle_3));
            {1350}new app_msg_1: bitstring;
            {1351}event ServerSendsAppData(SAN,pubTSK_10,pubKAK_10,cr_5,sr_5,req_ctx_11,ems_15,ks_15,kc_15,workloadRef_1,app_msg_1);
            {1352}out(io, ph_msg(app_msg_1,ks_15))
        )
) | (
    {1355}!
    {1356}in(io, (caller_device: measurements,cdata_6: bitstring));
    {1357}let (=StrongHash,pat_claims_6: bitstring) = cdata_6 in
    {1358}let eat_pat_profile(reqKAK: pubkey,evidence_attr_2: attribute,=caller_device,eat_nonce_6: bitstring) = pat_claims_6 in
    {1372}get agent_keys(ignored_v_31: identity,trusted_instance: measurements,ignored_v_32: privkey,ignored_v_33: pubkey,ignored_v_34: privkey,ignored_v_35: pubkey,privKAK_4: privkey,pubKAK_12: pubkey) in
    {1359}let trusted_attr: attribute = meas2attr(trusted_instance) in
    {1360}let genuine_claims: bitstring = eat_pat_profile(pubKAK_12,trusted_attr,trusted_instance,eat_nonce_6) in
    {1361}if (cdata_6 = (StrongHash,genuine_claims)) then
    (
        {1365}get agent_keys(ignored_v_36: identity,=trusted_instance,ignored_v_37: privkey,ignored_v_38: pubkey,privAK_2: privkey,pubAK_5: pubkey,ignored_v_39: privkey,ignored_v_40: pubkey) in
        {1362}let hwQuote: bitstring = (trusted_instance,cdata_6) in
        {1363}let pat_4: bitstring = (pat_claims_6,sign(privAK_2,hwQuote)) in
        {1364}out(io, pat_4)
    )
    else
        {1366}if (evidence_attr_2 = ExternalOrUntrusted) then
        {1371}get agent_keys(ignored_v_41: identity,ignored_v_42: measurements,ignored_v_43: privkey,ignored_v_44: pubkey,privAK_3: privkey,pubAK_6: pubkey,ignored_v_45: privkey,ignored_v_46: pubkey) in
        {1367}let hwQuote_1: bitstring = (caller_device,cdata_6) in
        {1368}let pat_5: bitstring = (pat_claims_6,sign(privAK_3,hwQuote_1)) in
        {1369}event EvidenceOracle(reqKAK,caller_device,pat_5);
        {1370}out(io, pat_5)
) | (
    {1373}!
    {1376}get agent_keys(ignored_v_47: identity,ignored_v_48: measurements,privTSK_5: privkey,pubTSK_11: pubkey,ignored_v_49: privkey,ignored_v_50: pubkey,ignored_v_51: privkey,ignored_v_52: pubkey) in
    {1374}event LeakedTSK(pubTSK_11);
    {1375}out(io, privTSK_5)
) | (
    {1377}!
    {1380}get agent_keys(ignored_v_53: identity,ignored_v_54: measurements,ignored_v_55: privkey,ignored_v_56: pubkey,privAK_4: privkey,pubAK_7: pubkey,ignored_v_57: privkey,ignored_v_58: pubkey) in
    {1378}event LeakedAK(pubAK_7);
    {1379}out(io, privAK_4)
) | (
    {1381}!
    {1384}get agent_keys(ignored_v_59: identity,ignored_v_60: measurements,ignored_v_61: privkey,ignored_v_62: pubkey,ignored_v_63: privkey,ignored_v_64: pubkey,privKAK_5: privkey,pubKAK_13: pubkey) in
    {1382}event LeakedKAK(pubKAK_13);
    {1383}out(io, privKAK_5)
) | (
    {1385}!
    {1386}let privCSP_2: privkey = privCSP in
    {1387}event CompromisedCSP(pk(privCSP_2));
    {1388}out(io, privCSP_2)
) | (
    {1389}!
    {1390}let privCA_2: privkey = privCA in
    {1391}event CompromisedCA(pk(privCA_2));
    {1392}out(io, privCA_2)
) | (
    {1393}!
    {1394}let privRVP_2: privkey = privRVP in
    {1395}event InvalidPolicies(pk(privRVP_2));
    {1396}out(io, privRVP_2)
    